country,date,yearly_cases,yearly_deaths,yearly_cases_per_million,yearly_deaths_per_million,Region,IncomeGroup,date_health,health_percentage_gdp
Afghanistan,2019,,,,,"Middle East, North Africa, Afghanistan & Pakistan",Low income,2019,14.83131981
Afghanistan,2020,52330.0,2189.0,1289.5896061591372,53.94442285271071,"Middle East, North Africa, Afghanistan & Pakistan",Low income,2020,15.53361416
Afghanistan,2021,105729.0,5167.0,2605.523016808703,127.3324956052792,"Middle East, North Africa, Afghanistan & Pakistan",Low income,2021,21.508461
Afghanistan,2022,49495.0,493.0,1219.72554092961,12.149200761254605,"Middle East, North Africa, Afghanistan & Pakistan",Low income,2022,23.0881691
Africa,2019,,,,,,,2019,
Africa,2020,2725602.0,64914.0,1924.972615896839,45.84589840641715,,,2020,
Africa,2021,7056612.0,163252.0,4983.774175763382,115.29769551474894,,,2021,
Africa,2022,3129787.0,29508.0,2210.4306749811303,20.8402004217358,,,2022,
Albania,2019,,,,,Europe & Central Asia,Upper middle income,2019,6.86214113
Albania,2020,57146.0,1170.0,20210.343751967244,413.7840301998683,Europe & Central Asia,Upper middle income,2020,7.50389433
Albania,2021,151753.0,2042.0,53669.203363180015,722.1769142462656,Europe & Central Asia,Upper middle income,2021,7.39913177
Albania,2022,123869.0,384.0,43807.70430498074,135.80604068098273,Europe & Central Asia,Upper middle income,2022,6.19368076
Algeria,2019,,,,,"Middle East, North Africa, Afghanistan & Pakistan",Upper middle income,2019,5.41731071
Algeria,2020,99311.0,2751.0,2183.746942625645,60.49166597016593,"Middle East, North Africa, Afghanistan & Pakistan",Upper middle income,2020,5.63831711
Algeria,2021,118726.0,3520.0,2610.6628622224353,77.4011865557921,"Middle East, North Africa, Afghanistan & Pakistan",Upper middle income,2021,5.0110569
Algeria,2022,53180.0,610.0,1169.373608249155,13.413273806543515,"Middle East, North Africa, Afghanistan & Pakistan",Upper middle income,2022,3.6230433
American Samoa,2019,,,,,East Asia & Pacific,High income,2019,
American Samoa,2020,0.0,0.0,0.0,0.0,East Asia & Pacific,High income,2020,
American Samoa,2021,11.0,0.0,227.63958445428585,0.0,East Asia & Pacific,High income,2021,
American Samoa,2022,8274.0,34.0,171226.35652497827,703.6132610405199,East Asia & Pacific,High income,2022,
Andorra,2019,,,,,Europe & Central Asia,High income,2019,7.323246
Andorra,2020,7983.0,84.0,100194.5403200502,1054.283024788202,Europe & Central Asia,High income,2020,8.78673935
Andorra,2021,15139.0,56.0,190009.41324129276,702.8553498588014,Europe & Central Asia,High income,2021,8.33450699
Andorra,2022,24629.0,18.0,309118.29306557897,225.91779102604346,Europe & Central Asia,High income,2022,7.53678846
Angola,2019,,,,,Sub-Saharan Africa,Lower middle income,2019,2.47518778
Angola,2020,17433.0,405.0,489.2102659566228,11.365235915357784,Sub-Saharan Africa,Lower middle income,2020,3.27488494
Angola,2021,59354.0,1352.0,1665.610401284311,37.94024433966351,Sub-Saharan Africa,Lower middle income,2021,3.09277129
Angola,2022,28308.0,173.0,794.3878970171559,4.854779786066416,Sub-Saharan Africa,Lower middle income,2022,2.92737579
Anguilla,2019,,,,,,,2019,
Anguilla,2020,13.0,0.0,917.819824908218,0.0,,,2020,
Anguilla,2021,1661.0,5.0,117269.1330132731,353.00762496469923,,,2021,
Anguilla,2022,2230.0,7.0,157441.40073425588,494.21067495057895,,,2022,
Antigua and Barbuda,2019,,,,,Latin America & Caribbean,High income,2019,4.40662289
Antigua and Barbuda,2020,158.0,5.0,1702.5128227231585,53.876988060859446,Latin America & Caribbean,High income,2020,5.72944784
Antigua and Barbuda,2021,4137.0,114.0,44577.81992155511,1228.3953277875953,Latin America & Caribbean,High income,2021,4.99196768
Antigua and Barbuda,2022,4811.0,27.0,51840.43791215895,290.9357355286411,Latin America & Caribbean,High income,2022,5.7299943
Argentina,2019,,,,,Latin America & Caribbean,Upper middle income,2019,10.1555109
Argentina,2020,1674319.0,48271.0,36872.88453502748,1063.0537008720032,Latin America & Caribbean,Upper middle income,2020,10.45030594
Argentina,2021,4106203.0,69905.0,90429.33222186659,1539.4909771800333,Latin America & Caribbean,Upper middle income,2021,10.03832245
Argentina,2022,4110617.0,11948.0,90526.54004925049,263.12621694223617,Latin America & Caribbean,Upper middle income,2022,9.86305332
Armenia,2019,,,,,Europe & Central Asia,Upper middle income,2019,11.3798008
Armenia,2020,159409.0,2823.0,55334.41936331522,979.9262642801776,Europe & Central Asia,Upper middle income,2020,12.24056244
Armenia,2021,185521.0,5149.0,64398.476966178816,1787.3327434568314,Europe & Central Asia,Upper middle income,2021,12.32268524
Armenia,2022,100690.0,738.0,34951.74479290513,256.1762603750517,Europe & Central Asia,Upper middle income,2022,9.96212864
Aruba,2019,,,,,Latin America & Caribbean,High income,2019,
Aruba,2020,5373.0,49.0,49867.280455887,454.7732630445678,Latin America & Caribbean,High income,2020,
Aruba,2021,13648.0,132.0,126668.27538841349,1225.10348412006,Latin America & Caribbean,High income,2021,
Aruba,2022,24839.0,99.0,230532.92001559224,918.8276130900449,Latin America & Caribbean,High income,2022,
Asia,2019,,,,,,,2019,
Asia,2020,20502359.0,335889.0,4348.568947330175,71.24236167895532,,,2020,
Asia,2021,64144814.0,920729.0,13605.173253120276,195.28745635106498,,,2021,
Asia,2022,189920026.0,278140.0,40282.20984423009,58.99374637866862,,,2022,
Asia excl. China,2019,,,,,,,2019,
Asia excl. China,2020,20405686.0,331101.0,6203.170466473112,100.65213904691632,,,2020,
Asia excl. China,2021,64109416.0,919818.0,19488.765825076345,279.6175464098764,,,2021,
Asia excl. China,2022,105127055.0,231295.0,31957.810328125925,70.31188821796525,,,2022,
Australia,2019,,,,,East Asia & Pacific,High income,2019,10.21285057
Australia,2020,28381.0,920.0,1083.2058664790093,35.113258770328336,East Asia & Pacific,High income,2020,10.66040134
Australia,2021,338226.0,1523.0,12908.931587883775,58.12770989914139,East Asia & Pacific,High income,2021,10.42525291
Australia,2022,10418952.0,16467.0,397655.8235778587,628.4891654032573,East Asia & Pacific,High income,2022,9.92687893
Austria,2019,,,,,Europe & Central Asia,High income,2019,10.48753643
Austria,2020,352657.0,7379.0,38904.71903275069,814.0428851339044,Europe & Central Asia,High income,2020,11.31641102
Austria,2021,911872.0,9318.0,100596.68163068488,1027.9511591919936,Europe & Central Asia,High income,2021,12.15228558
Austria,2022,4436317.0,4937.0,489409.44437574025,544.6442233237685,Europe & Central Asia,High income,2022,11.15729332
Azerbaijan,2019,,,,,Europe & Central Asia,Upper middle income,2019,4.18188763
Azerbaijan,2020,216584.0,2575.0,21037.26221086683,250.1151986895712,Europe & Central Asia,Upper middle income,2020,5.84817696
Azerbaijan,2021,399768.0,5771.0,38830.31174746893,560.5494414126273,Europe & Central Asia,Upper middle income,2021,4.68526697
Azerbaijan,2022,209959.0,1662.0,20393.761942393663,161.43357678526888,Europe & Central Asia,Upper middle income,2022,3.97840643
Bahamas,2019,,,,,,,2019,
Bahamas,2020,7857.0,170.0,19766.435550904167,427.68156340253387,,,2020,
Bahamas,2021,16619.0,547.0,41809.646483451244,1376.1283245952118,,,2021,
Bahamas,2022,13015.0,116.0,32742.797339317505,291.8297726746705,,,2022,
Bahrain,2019,,,,,"Middle East, North Africa, Afghanistan & Pakistan",High income,2019,3.95980334
Bahrain,2020,92425.0,352.0,60274.23881967487,229.55403910766083,"Middle East, North Africa, Afghanistan & Pakistan",High income,2020,4.7196188
Bahrain,2021,188981.0,1042.0,123242.47688808196,679.5321271312004,"Middle East, North Africa, Afghanistan & Pakistan",High income,2021,4.49223804
Bahrain,2022,415208.0,142.0,270774.64053924324,92.60418623093165,"Middle East, North Africa, Afghanistan & Pakistan",High income,2022,3.83745313
Bangladesh,2019,,,,,South Asia,Lower middle income,2019,2.25762248
Bangladesh,2020,513510.0,7559.0,3031.6172690733983,44.62619021426227,South Asia,Lower middle income,2020,2.27063942
Bangladesh,2021,1072029.0,20513.0,6328.954897368085,121.10292894101892,South Asia,Lower middle income,2021,2.36551309
Bangladesh,2022,451586.0,1368.0,2666.0355515409246,8.076283663594495,South Asia,Lower middle income,2022,2.39038587
Barbados,2019,,,,,Latin America & Caribbean,High income,2019,6.12043858
Barbados,2020,372.0,7.0,1317.896467187212,24.79912707072711,Latin America & Caribbean,High income,2020,7.27405739
Barbados,2021,27938.0,253.0,98976.85887171057,896.3113069848513,Latin America & Caribbean,High income,2021,7.93866014
Barbados,2022,77205.0,308.0,273516.65792792663,1091.161591111993,Latin America & Caribbean,High income,2022,6.29389191
Belarus,2019,,,,,Europe & Central Asia,Upper middle income,2019,5.86133814
Belarus,2020,192361.0,1414.0,20969.913410711,154.1448503737522,Europe & Central Asia,Upper middle income,2020,6.40607214
Belarus,2021,505239.0,4147.0,55077.7864625065,452.0782846534303,Europe & Central Asia,Upper middle income,2021,6.56549978
Belarus,2022,296437.0,1557.0,32315.584872874097,169.73375674111185,Europe & Central Asia,Upper middle income,2022,6.65919876
Belgium,2019,,,,,Europe & Central Asia,High income,2019,10.75969219
Belgium,2020,645277.0,19638.0,55427.79231214114,1686.85848933997,Europe & Central Asia,High income,2020,11.26481915
Belgium,2021,1451435.0,8679.0,124674.8880474162,745.5058982066196,Europe & Central Asia,High income,2021,11.04724503
Belgium,2022,2588192.0,5002.0,222319.66835939483,429.6601570260991,Europe & Central Asia,High income,2022,10.76192474
Belize,2019,,,,,Latin America & Caribbean,Upper middle income,2019,4.84424496
Belize,2020,10668.0,241.0,26491.77657310444,598.4737677276124,Latin America & Caribbean,Upper middle income,2020,5.35447645
Belize,2021,21399.0,356.0,53140.00064565634,884.0525365602906,Latin America & Caribbean,Upper middle income,2021,5.05842113
Belize,2022,37879.0,91.0,94064.67986620014,225.97972142411936,Latin America & Caribbean,Upper middle income,2022,4.23173904
Benin,2019,,,,,Sub-Saharan Africa,Lower middle income,2019,2.50914454
Benin,2020,3251.0,44.0,236.2738416004468,3.19780037847421,Sub-Saharan Africa,Lower middle income,2020,2.7123611
Benin,2021,21793.0,117.0,1583.85599200201,8.503241915488239,Sub-Saharan Africa,Lower middle income,2021,2.58129549
Benin,2022,2942.0,2.0,213.81656166979928,0.14535456265791957,Sub-Saharan Africa,Lower middle income,2022,2.67981386
Bermuda,2019,,,,,North America,High income,2019,
Bermuda,2020,595.0,10.0,9191.460438100534,154.4783266907653,North America,High income,2020,
Bermuda,2021,5736.0,96.0,88608.76818982296,1482.9919362313467,North America,High income,2021,
Bermuda,2022,12291.0,47.0,189869.31133561963,726.0481354465969,North America,High income,2022,
Bhutan,2019,,,,,South Asia,Lower middle income,2019,3.37511158
Bhutan,2020,670.0,0.0,858.0195372329254,0.0,South Asia,Lower middle income,2020,4.08451509
Bhutan,2021,1990.0,3.0,2548.4460881992864,3.8418785249235463,South Asia,Lower middle income,2021,3.0729053
Bhutan,2022,59871.0,18.0,76672.36972189922,23.051271149541275,South Asia,Lower middle income,2022,4.38545895
Bolivia,2019,,,,,Latin America & Caribbean,Lower middle income,2019,6.88792992
Bolivia,2020,156887.0,9135.0,12990.451930475698,756.3901303797988,Latin America & Caribbean,Lower middle income,2020,8.0225811
Bolivia,2021,434886.0,10515.0,36009.13828575252,870.6559628838079,Latin America & Caribbean,Lower middle income,2021,8.159729
Bolivia,2022,564384.0,2641.0,46731.744646335224,218.67830698774537,Latin America & Caribbean,Lower middle income,2022,8.43142891
Bonaire Sint Eustatius and Saba,2019,,,,,,,2019,
Bonaire Sint Eustatius and Saba,2020,186.0,3.0,6502.587050762131,104.880436302615,,,2020,
Bonaire Sint Eustatius and Saba,2021,3053.0,19.0,106733.32401062787,664.2427632498951,,,2021,
Bonaire Sint Eustatius and Saba,2022,8477.0,17.0,296357.1528457558,594.3224723814852,,,2022,
Bosnia and Herzegovina,2019,,,,,Europe & Central Asia,Upper middle income,2019,8.92544365
Bosnia and Herzegovina,2020,110985.0,4050.0,34631.19038183708,1263.7412357205042,Europe & Central Asia,Upper middle income,2020,9.70311832
Bosnia and Herzegovina,2021,179486.0,9378.0,56005.89121840257,2926.2630391572566,Europe & Central Asia,Upper middle income,2021,9.55514336
Bosnia and Herzegovina,2022,110622.0,2806.0,34517.92172293176,875.5698536868476,Europe & Central Asia,Upper middle income,2022,8.71644783
Botswana,2019,,,,,Sub-Saharan Africa,Upper middle income,2019,6.12193203
Botswana,2020,14637.0,43.0,5999.156503102863,17.62408482840904,Sub-Saharan Africa,Upper middle income,2020,6.1213398
Botswana,2021,207416.0,2409.0,85012.0274132393,987.3586128287761,Sub-Saharan Africa,Upper middle income,2021,6.30754805
Botswana,2022,105978.0,334.0,43436.40144058448,136.89405424857262,Sub-Saharan Africa,Upper middle income,2022,5.72838593
Brazil,2019,,,,,Latin America & Caribbean,Upper middle income,2019,9.61449146
Brazil,2020,7563551.0,192681.0,35964.442881940835,916.1919869298484,Latin America & Caribbean,Upper middle income,2020,9.62326527
Brazil,2021,14700283.0,426136.0,69899.37508213613,2026.2630386096075,Latin America & Caribbean,Upper middle income,2021,9.63646507
Brazil,2022,14038581.0,74917.0,66753.00325442373,356.227936770224,Latin America & Caribbean,Upper middle income,2022,9.14277458
British Virgin Islands,2019,,,,,Latin America & Caribbean,High income,2019,
British Virgin Islands,2020,93.0,1.0,2428.32523891587,26.1110240743642,Latin America & Caribbean,High income,2020,
British Virgin Islands,2021,3163.0,38.0,82589.16914721395,992.2189148258394,Latin America & Caribbean,High income,2021,
British Virgin Islands,2022,4049.0,25.0,105723.53647710064,652.7756018591051,Latin America & Caribbean,High income,2022,
Brunei,2019,,,,,,,2019,
Brunei,2020,157.0,3.0,344.8078958811928,6.588685908557824,,,2020,
Brunei,2021,15317.0,58.0,33639.63402046007,127.38126089878462,,,2021,
Brunei,2022,254725.0,87.0,559434.3393524638,191.07189134817688,,,2022,
Bulgaria,2019,,,,,Europe & Central Asia,High income,2019,7.09237671
Bulgaria,2020,197384.0,7123.0,28917.271002137917,1043.5380848915229,Europe & Central Asia,High income,2020,8.48235893
Bulgaria,2021,536498.0,23405.0,78598.35679743538,3428.8935668799795,Europe & Central Asia,High income,2021,8.61892796
Bulgaria,2022,546735.0,7508.0,80098.10400718331,1099.9415894097365,Europe & Central Asia,High income,2022,7.66357517
Burkina Faso,2019,,,,,Sub-Saharan Africa,Low income,2019,5.36802721
Burkina Faso,2020,6707.0,85.0,297.9697671975137,3.776268109704587,Sub-Saharan Africa,Low income,2020,6.57714844
Burkina Faso,2021,10925.0,233.0,485.36151880614847,10.351417288954927,Sub-Saharan Africa,Low income,2021,6.40747881
Burkina Faso,2022,4391.0,77.0,195.0775678789746,3.4208546405559215,Sub-Saharan Africa,Low income,2022,6.77182007
Burundi,2019,,,,,Sub-Saharan Africa,Low income,2019,9.05010796
Burundi,2020,818.0,2.0,61.406543144927845,0.1501382472981121,Sub-Saharan Africa,Low income,2020,10.71837234
Burundi,2021,29732.0,12.0,2231.9551843337345,0.9008294837886728,Sub-Saharan Africa,Low income,2021,8.99484253
Burundi,2022,21612.0,1.0,1622.3939003033993,0.07506912364905594,Sub-Saharan Africa,Low income,2022,8.39522648
Cambodia,2019,,,,,East Asia & Pacific,Lower middle income,2019,5.05801058
Cambodia,2020,366.0,0.0,21.27701381413029,0.0,East Asia & Pacific,Lower middle income,2020,5.28458023
Cambodia,2021,120127.0,3012.0,6983.4531105192045,175.09935958513776,East Asia & Pacific,Lower middle income,2021,5.51976061
Cambodia,2022,18085.0,44.0,1051.351898438651,2.557892371097637,East Asia & Pacific,Lower middle income,2022,4.71089554
Cameroon,2019,,,,,Sub-Saharan Africa,Lower middle income,2019,3.65157914
Cameroon,2020,26848.0,448.0,971.6016767511476,16.212662067361222,Sub-Saharan Africa,Lower middle income,2020,4.25051928
Cameroon,2021,82818.0,1405.0,2997.098765836432,50.84551384964848,Sub-Saharan Africa,Lower middle income,2021,4.30539274
Cameroon,2022,14327.0,112.0,518.4794853550989,4.053165516840309,Sub-Saharan Africa,Lower middle income,2022,4.47835922
Canada,2019,,,,,North America,High income,2019,11.05897045
Canada,2020,565504.0,15274.0,14566.882757309282,393.4447275972265,North America,High income,2020,13.02419472
Canada,2021,1536966.0,14684.0,39590.88445699874,378.24684955071854,North America,High income,2021,12.41920948
Canada,2022,2390310.0,18813.0,61572.27097177731,484.60623676094156,North America,High income,2022,11.23432541
Cape Verde,2019,,,,,,,2019,
Cape Verde,2020,11793.0,112.0,22692.199640557712,215.51143557555025,,,2020,
Cape Verde,2021,28945.0,240.0,55696.23663155627,461.8102190904647,,,2021,
Cape Verde,2022,22462.0,60.0,43221.58808837508,115.45255477261628,,,2022,
Cayman Islands,2019,,,,,Latin America & Caribbean,High income,2019,
Cayman Islands,2020,326.0,2.0,4555.744990077979,27.94935576734956,Latin America & Caribbean,High income,2020,
Cayman Islands,2021,8492.0,9.0,118672.96458816626,125.77210095307304,Latin America & Caribbean,High income,2021,
Cayman Islands,2022,22654.0,26.0,316582.35277676856,363.3416249755444,Latin America & Caribbean,High income,2022,
Central African Republic,2019,,,,,Sub-Saharan Africa,Low income,2019,7.76140118
Central African Republic,2020,5818.0,63.0,1141.2347658006977,12.357818880275683,Sub-Saharan Africa,Low income,2020,8.98555374
Central African Republic,2021,6636.0,38.0,1301.6902553890388,7.453922499213913,Sub-Saharan Africa,Low income,2021,9.15270615
Central African Republic,2022,2906.0,12.0,570.0289153346212,2.3538702629096484,Sub-Saharan Africa,Low income,2022,9.95509052
Chad,2019,,,,,Sub-Saharan Africa,Low income,2019,3.38253808
Chad,2020,2077.0,105.0,112.54237949377062,5.689431799155472,Sub-Saharan Africa,Low income,2020,4.4533143
Chad,2021,3624.0,76.0,196.36667466799457,4.118064921293484,Sub-Saharan Africa,Low income,2021,4.17851543
Chad,2022,1949.0,13.0,105.60669120527632,0.7044058418002024,Sub-Saharan Africa,Low income,2022,4.52549791
Chile,2019,,,,,Latin America & Caribbean,High income,2019,9.29919815
Chile,2020,605950.0,16499.0,30990.15475080428,843.8098246283023,Latin America & Caribbean,High income,2020,9.68910599
Chile,2021,1198732.0,22597.0,61306.85730628123,1155.6803810610188,Latin America & Caribbean,High income,2021,9.68593311
Chile,2022,3227670.0,24053.0,165073.01391951228,1230.144718575947,Latin America & Caribbean,High income,2022,10.06172848
China,2019,,,,,East Asia & Pacific,Upper middle income,2019,5.3502779
China,2020,96673.0,4788.0,67.83215685428438,3.359576789985969,East Asia & Pacific,Upper middle income,2020,5.59359741
China,2021,35398.0,911.0,24.837572934821083,0.6392177225725186,East Asia & Pacific,Upper middle income,2021,5.38360548
China,2022,84792971.0,46845.0,59496.344470666954,32.869543593753704,East Asia & Pacific,Upper middle income,2022,5.36948681
Colombia,2019,,,,,Latin America & Caribbean,Upper middle income,2019,7.77954912
Colombia,2020,1614822.0,42620.0,31211.59306628869,823.7676328940428,Latin America & Caribbean,Upper middle income,2020,8.71432114
Colombia,2021,3523781.0,87246.0,68108.32316299868,1686.3076231692553,Latin America & Caribbean,Upper middle income,2021,9.01772404
Colombia,2022,1206512.0,12313.0,23319.698129945027,237.9880540550057,Latin America & Caribbean,Upper middle income,2022,7.57361269
Comoros,2019,,,,,Sub-Saharan Africa,Lower middle income,2019,5.18044472
Comoros,2020,695.0,9.0,833.1984630785186,10.789620385189448,Sub-Saharan Africa,Lower middle income,2020,5.902421
Comoros,2021,5820.0,148.0,6977.287849089177,177.42931300089316,Sub-Saharan Africa,Lower middle income,2021,6.43369246
Comoros,2022,2470.0,3.0,2961.1513723797707,3.5965401283964695,Sub-Saharan Africa,Lower middle income,2022,8.3803854
Congo,2019,,,,,,,2019,
Congo,2020,6431.0,100.0,1065.6071682504407,16.569851784332773,,,2020,
Congo,2021,14846.0,269.0,2459.960195902044,44.57290129985516,,,2021,
Congo,2022,3786.0,17.0,627.3345885548388,2.8168748033365674,,,2022,
Cook Islands,2019,,,,,,,2019,
Cook Islands,2020,0.0,0.0,0.0,0.0,,,2020,
Cook Islands,2021,0.0,0.0,0.0,0.0,,,2021,
Cook Islands,2022,6710.0,1.0,456276.3497892017,67.99945600435197,,,2022,
Costa Rica,2019,,,,,Latin America & Caribbean,High income,2019,7.2212491
Costa Rica,2020,166799.0,2156.0,32823.3677016519,424.2662172121026,Latin America & Caribbean,High income,2020,7.82545757
Costa Rica,2021,404161.0,5198.0,79532.40195485187,1022.883022759049,Latin America & Caribbean,High income,2021,7.61130476
Costa Rica,2022,595882.0,1731.0,117260.01950129039,340.6330343201064,Latin America & Caribbean,High income,2022,7.18368196
Croatia,2019,,,,,Europe & Central Asia,High income,2019,6.7431674
Croatia,2020,208446.0,3860.0,53352.09629515115,987.9733441720324,Europe & Central Asia,High income,2020,7.64949179
Croatia,2021,501232.0,8633.0,128291.15420881765,2209.6305389215427,Europe & Central Asia,High income,2021,8.01351929
Croatia,2022,553839.0,5090.0,141756.0023219933,1302.7938657605291,Europe & Central Asia,High income,2022,7.21545315
Cuba,2019,,,,,Latin America & Caribbean,Upper middle income,2019,11.08501148
Cuba,2020,11687.0,145.0,1056.7125615247764,13.110577686411618,Latin America & Caribbean,Upper middle income,2020,12.48641968
Cuba,2021,953884.0,8177.0,86248.07093672454,739.3461637364676,Latin America & Caribbean,Upper middle income,2021,13.78727913
Cuba,2022,146401.0,208.0,13237.2529921955,18.80689764671456,Latin America & Caribbean,Upper middle income,2022,11.78683186
Curacao,2019,,,,,,,2019,
Curacao,2020,4179.0,14.0,22552.008850273876,75.55111842637814,,,2020,
Curacao,2021,16020.0,173.0,86452.06551361267,933.5959634116726,,,2021,
Curacao,2022,25521.0,112.0,137724.29238282834,604.4089474110251,,,2022,
Cyprus,2019,,,,,Europe & Central Asia,High income,2019,7.06576538
Cyprus,2020,22347.0,122.0,23765.21284153121,129.7425142823112,Europe & Central Asia,High income,2020,8.76033878
Cyprus,2021,139432.0,524.0,148280.8053394362,557.2547334748449,Europe & Central Asia,High income,2021,9.47552109
Cyprus,2022,469332.0,612.0,499117.3255175875,650.8394978752004,Europe & Central Asia,High income,2022,8.87060547
Czechia,2019,,,,,Europe & Central Asia,High income,2019,7.61342955
Czechia,2020,723577.0,11888.0,67794.01694098538,1113.8210216665734,Europe & Central Asia,High income,2020,9.15721989
Czechia,2021,1793803.0,24444.0,168066.5789139102,2290.22889078211,Europe & Central Asia,High income,2021,9.45247459
Czechia,2022,2062755.0,5820.0,193265.4678287208,545.2925930433594,Europe & Central Asia,High income,2022,8.79904652
Democratic Republic of Congo,2019,,,,,,,2019,
Democratic Republic of Congo,2020,17657.0,591.0,172.43682888544723,5.771658032015592,,,2020,
Democratic Republic of Congo,2021,61616.0,634.0,601.7368549926781,6.1915925419591975,,,2021,
Democratic Republic of Congo,2022,15899.0,237.0,155.26834357193889,2.3145227641077746,,,2022,
Denmark,2019,,,,,Europe & Central Asia,High income,2019,10.1524353
Denmark,2020,161230.0,1256.0,27313.943138614828,212.77871724927263,Europe & Central Asia,High income,2020,10.71854591
Denmark,2021,622472.0,2000.0,105452.86121304877,338.8196134542558,Europe & Central Asia,High income,2021,10.74728584
Denmark,2022,2604737.0,4526.0,441267.99174499896,766.7487852469809,Europe & Central Asia,High income,2022,9.4758625
Djibouti,2019,,,,,"Middle East, North Africa, Afghanistan & Pakistan",Lower middle income,2019,2.40641236
Djibouti,2020,5824.0,61.0,5122.017286808343,53.64750248889233,"Middle East, North Africa, Afghanistan & Pakistan",Lower middle income,2020,2.32228446
Djibouti,2021,7808.0,128.0,6866.880318578218,112.57180850128226,"Middle East, North Africa, Afghanistan & Pakistan",Lower middle income,2021,2.88669515
Djibouti,2022,2058.0,0.0,1809.943608559679,0.0,"Middle East, North Africa, Afghanistan & Pakistan",Lower middle income,2022,2.49675012
Dominica,2019,,,,,Latin America & Caribbean,Upper middle income,2019,5.16903925
Dominica,2020,96.0,0.0,1437.1042349665424,0.0,Latin America & Caribbean,Upper middle income,2020,6.12651205
Dominica,2021,6718.0,47.0,100567.35677609619,703.5822817023698,Latin America & Caribbean,Upper middle income,2021,6.31661367
Dominica,2022,8946.0,27.0,133920.15089594462,404.18556608434005,Latin America & Caribbean,Upper middle income,2022,6.31969738
Dominican Republic,2019,,,,,Latin America & Caribbean,Upper middle income,2019,4.23948717
Dominican Republic,2020,169579.0,2409.0,15099.611902603276,214.50158966246585,Latin America & Caribbean,Upper middle income,2020,4.93967104
Dominican Republic,2021,247689.0,1837.0,22054.663446204446,163.56970535904935,Latin America & Caribbean,Upper middle income,2021,4.91807747
Dominican Republic,2022,241741.0,138.0,21525.04308285353,12.287762296978087,Latin America & Caribbean,Upper middle income,2022,4.57254791
East Timor,2019,,,,,,,2019,
East Timor,2020,44.0,0.0,32.13438013511046,0.0,,,2020,
East Timor,2021,19793.0,122.0,14455.358773050939,89.09987219280627,,,2021,
East Timor,2022,3560.0,16.0,2599.9634836589394,11.685229140040164,,,2022,
Ecuador,2019,,,,,Latin America & Caribbean,Upper middle income,2019,7.80768251
Ecuador,2020,211512.0,14023.0,11866.791794839915,786.7545167131896,Latin America & Caribbean,Upper middle income,2020,8.6576252
Ecuador,2021,334288.0,19646.0,18755.087633389336,1102.2305665939757,Latin America & Caribbean,Upper middle income,2021,8.20646191
Ecuador,2022,498949.0,2279.0,27993.32377947153,127.86233641798162,Latin America & Caribbean,Upper middle income,2022,7.53457022
Egypt,2019,,,,,,,2019,
Egypt,2020,136644.0,7576.0,1213.3386159612528,67.27154763123482,,,2020,
Egypt,2021,248084.0,14151.0,2202.8767981186984,125.65465556092977,,,2021,
Egypt,2022,130805.0,3075.0,1161.490864295627,27.3046474348003,,,2022,
El Salvador,2019,,,,,Latin America & Caribbean,Upper middle income,2019,8.80846119
El Salvador,2020,45960.0,1327.0,7318.157868715496,211.2966817185697,Latin America & Caribbean,Upper middle income,2020,8.95105076
El Salvador,2021,75781.0,2496.0,12066.521354419694,397.43520540282594,Latin America & Caribbean,Upper middle income,2021,10.12668991
El Salvador,2022,80044.0,407.0,12745.313934801201,64.80614126560499,Latin America & Caribbean,Upper middle income,2022,9.84079742
Equatorial Guinea,2019,,,,,Sub-Saharan Africa,Upper middle income,2019,3.16780853
Equatorial Guinea,2020,5277.0,86.0,2925.983755993914,47.68516259531488,Sub-Saharan Africa,Upper middle income,2020,3.99582434
Equatorial Guinea,2021,8433.0,89.0,4675.918327515004,49.348598499802605,Sub-Saharan Africa,Upper middle income,2021,3.39468098
Equatorial Guinea,2022,3379.0,8.0,1873.5833070880117,4.435829078633958,Sub-Saharan Africa,Upper middle income,2022,2.91350007
Eritrea,2019,,,,,Sub-Saharan Africa,Low income,2019,4.64806461
Eritrea,2020,1252.0,1.0,367.2192847612503,0.2933061379882191,Sub-Saharan Africa,Low income,2020,4.31046677
Eritrea,2021,6730.0,74.0,1973.9503086607144,21.70465421112822,Sub-Saharan Africa,Low income,2021,4.17839003
Eritrea,2022,2207.0,28.0,647.3266465399993,8.212571863670128,Sub-Saharan Africa,Low income,2022,3.87447667
Estonia,2019,,,,,Europe & Central Asia,High income,2019,6.81699181
Estonia,2020,31031.0,284.0,22985.27893288929,210.3644490006948,Europe & Central Asia,High income,2020,7.57906437
Estonia,2021,195778.0,1544.0,145016.65879034516,1143.671511468566,Europe & Central Asia,High income,2021,7.47860336
Estonia,2022,367408.0,899.0,272146.4136565045,665.9071818719176,Europe & Central Asia,High income,2022,6.98701143
Eswatini,2019,,,,,Sub-Saharan Africa,Lower middle income,2019,8.40033817
Eswatini,2020,9144.0,185.0,7502.012104624518,151.7795537352948,Sub-Saharan Africa,Lower middle income,2020,7.07603502
Eswatini,2021,56688.0,1114.0,46508.53698457509,913.9590424925319,Sub-Saharan Africa,Lower middle income,2021,7.38329172
Eswatini,2022,8189.0,123.0,6718.501435342318,100.9128924834663,Sub-Saharan Africa,Lower middle income,2022,7.2226615
Ethiopia,2019,,,,,Sub-Saharan Africa,,2019,3.24287128
Ethiopia,2020,123856.0,1918.0,987.811514818401,15.296977824422662,Sub-Saharan Africa,,2020,3.48096275
Ethiopia,2021,291587.0,5008.0,2325.54737898328,39.94122259890964,Sub-Saharan Africa,,2021,3.2075386
Ethiopia,2022,82531.0,646.0,658.2246490236839,5.152162499779479,Sub-Saharan Africa,,2022,2.85274577
Europe,2019,,,,,,,2019,
Europe,2020,23229761.0,578483.0,31059.86749839189,773.4735338031345,,,2020,
Europe,2021,63192743.0,987688.0,84493.25950619688,1320.6101608084423,,,2021,
Europe,2022,155893828.0,445050.0,208441.30258150725,595.0639797869349,,,2022,
European Union (27),2019,,,,,,,2019,
European Union (27),2020,14985538.0,386920.0,33396.10342237666,862.2727015997676,,,2020,
European Union (27),2021,38623010.0,528287.0,86073.52211468738,1177.3169097230343,,,2021,
European Union (27),2022,125402469.0,286018.0,279466.36444720125,637.4069925725273,,,2022,
Falkland Islands,2019,,,,,,,2019,
Falkland Islands,2020,29.0,0.0,8345.323741007194,0.0,,,2020,
Falkland Islands,2021,53.0,0.0,15251.798561151083,0.0,,,2021,
Falkland Islands,2022,1841.0,0.0,529784.1726618705,0.0,,,2022,
Faroe Islands,2019,,,,,Europe & Central Asia,High income,2019,
Faroe Islands,2020,608.0,0.0,11261.344693461751,0.0,Europe & Central Asia,High income,2020,
Faroe Islands,2021,5161.0,14.0,95591.77625486201,259.307279125764,Europe & Central Asia,High income,2021,
Faroe Islands,2022,28889.0,14.0,535080.570476014,259.307279125764,Europe & Central Asia,High income,2022,
Fiji,2019,,,,,East Asia & Pacific,Upper middle income,2019,4.28229284
Fiji,2020,49.0,2.0,53.296902906095205,2.1753837920855186,East Asia & Pacific,Upper middle income,2020,5.28987408
Fiji,2021,53842.0,696.0,58563.507066734244,757.0335596457604,East Asia & Pacific,Upper middle income,2021,7.06084681
Fiji,2022,14859.0,183.0,16162.013883299354,199.047616975825,East Asia & Pacific,Upper middle income,2022,4.00910091
Finland,2019,,,,,Europe & Central Asia,High income,2019,9.17142677
Finland,2020,39086.0,635.0,7018.175145181024,114.01886141303665,Europe & Central Asia,High income,2020,9.63249588
Finland,2021,327023.0,1292.0,58719.35451318974,231.98798259156433,Europe & Central Asia,High income,2021,9.83458328
Finland,2022,1091346.0,6837.0,195959.09972861715,1227.6330007573727,Europe & Central Asia,High income,2022,9.6589222
France,2019,,,,,Europe & Central Asia,High income,2019,11.09938431
France,2020,2338258.0,63534.0,36377.62686756061,988.435042413453,Europe & Central Asia,High income,2020,12.07226849
France,2021,6371668.0,60631.0,99127.71004225203,943.2713988820167,Europe & Central Asia,High income,2021,12.29229355
France,2022,29279621.0,37502.0,455519.9330277463,583.4402203637314,Europe & Central Asia,High income,2022,11.8819046
French Guiana,2019,,,,,,,2019,
French Guiana,2020,13045.0,71.0,43734.075365428456,238.03137991149256,,,2020,
French Guiana,2021,35354.0,268.0,118526.21697733673,898.4846452997184,,,2021,
French Guiana,2022,49480.0,74.0,165884.40391578386,248.08904385141454,,,2022,
French Polynesia,2019,,,,,East Asia & Pacific,High income,2019,
French Polynesia,2020,16851.0,114.0,60110.22526619937,406.6563219005832,East Asia & Pacific,High income,2020,
French Polynesia,2021,29574.0,522.0,105495.21108673552,1862.0578950184606,East Asia & Pacific,High income,2021,
French Polynesia,2022,31532.0,13.0,112479.71177341396,46.37308933954,East Asia & Pacific,High income,2022,
Gabon,2019,,,,,Sub-Saharan Africa,Upper middle income,2019,2.7768569
Gabon,2020,9571.0,64.0,3937.545614394525,26.32984216082432,Sub-Saharan Africa,Upper middle income,2020,3.41717625
Gabon,2021,32227.0,224.0,13258.309739326332,92.15444756288511,Sub-Saharan Africa,Upper middle income,2021,2.69024062
Gabon,2022,7182.0,18.0,2954.701974985004,7.4052681077318425,Sub-Saharan Africa,Upper middle income,2022,2.85591531
Gambia,2019,,,,,,,2019,
Gambia,2020,3800.0,124.0,1441.346855189778,47.03342369566644,,,2020,
Gambia,2021,6370.0,219.0,2416.1524914628644,83.06709507541086,,,2021,
Gambia,2022,2416.0,29.0,916.3931584575007,10.999752315921995,,,2022,
Georgia,2019,,,,,Europe & Central Asia,Upper middle income,2019,6.59411573
Georgia,2020,227420.0,2505.0,59930.51412380545,660.1263647882009,Europe & Central Asia,Upper middle income,2020,8.34160137
Georgia,2021,707321.0,11295.0,186395.70477778645,2976.4979202725463,Europe & Central Asia,Upper middle income,2021,8.3153286
Georgia,2022,875086.0,3103.0,230605.72457367164,817.7134171408329,Europe & Central Asia,Upper middle income,2022,7.25569582
Germany,2019,,,,,Europe & Central Asia,High income,2019,11.71595001
Germany,2020,1660178.0,47009.0,19743.76858331624,559.0574127190657,Europe & Central Asia,High income,2020,12.6902256
Germany,2021,5353865.0,70683.0,63671.167541261486,840.601908213783,Europe & Central Asia,High income,2021,12.90171242
Germany,2022,30227893.0,48046.0,359487.0695511234,571.3899987555628,Europe & Central Asia,High income,2022,12.60513115
Ghana,2019,,,,,Sub-Saharan Africa,Lower middle income,2019,3.25450468
Ghana,2020,55064.0,335.0,1661.1008044803143,10.105854451200518,Sub-Saharan Africa,Lower middle income,2020,4.4331708
Ghana,2021,91055.0,971.0,2746.831573295711,29.291894543628967,Sub-Saharan Africa,Lower middle income,2021,3.86030865
Ghana,2022,24929.0,155.0,752.0264048178442,4.675843104286805,Sub-Saharan Africa,Lower middle income,2022,3.6993649
Gibraltar,2019,,,,,Europe & Central Asia,High income,2019,
Gibraltar,2020,1785.0,6.0,47486.03351955307,159.6169193934557,Europe & Central Asia,High income,2020,
Gibraltar,2021,6748.0,94.0,179515.82867783983,2500.6650704974727,Europe & Central Asia,High income,2021,
Gibraltar,2022,11772.0,10.0,313168.3958499601,266.02819898909274,Europe & Central Asia,High income,2022,
Greece,2019,,,,,Europe & Central Asia,High income,2019,8.1982832
Greece,2020,139692.0,4682.0,13415.891087074024,449.6549700031539,Europe & Central Asia,High income,2020,9.5242157
Greece,2021,945395.0,15823.0,90794.86552031862,1519.6263541990397,Europe & Central Asia,High income,2021,9.18476486
Greece,2022,3938076.0,14471.0,378209.1938594918,1389.7815187773688,Europe & Central Asia,High income,2022,8.49983692
Greenland,2019,,,,,Europe & Central Asia,High income,2019,
Greenland,2020,27.0,0.0,482.4099054833926,0.0,Europe & Central Asia,High income,2020,
Greenland,2021,2474.0,1.0,44203.0409691079,17.86703353642195,Europe & Central Asia,High income,2021,
Greenland,2022,9470.0,20.0,169200.80758991587,357.34067072843897,Europe & Central Asia,High income,2022,
Grenada,2019,,,,,Latin America & Caribbean,Upper middle income,2019,4.93189621
Grenada,2020,128.0,0.0,1095.177795270201,0.0,Latin America & Caribbean,Upper middle income,2020,5.3228159
Grenada,2021,5945.0,200.0,50865.874944385505,1711.215305109689,Latin America & Caribbean,Upper middle income,2021,5.34433317
Grenada,2022,13598.0,38.0,116345.52859440775,325.13090797084055,Latin America & Caribbean,Upper middle income,2022,4.94846392
Guadeloupe,2019,,,,,,,2019,
Guadeloupe,2020,8620.0,155.0,22409.80832074623,402.9605904542536,,,2020,
Guadeloupe,2021,47175.0,676.0,122643.0055140607,1757.4281235295184,,,2021,
Guadeloupe,2022,144738.0,169.0,376281.99962043716,439.35703088238006,,,2022,
Guam,2019,,,,,East Asia & Pacific,High income,2019,
Guam,2020,7129.0,121.0,43170.73909225785,732.7338238410997,East Asia & Pacific,High income,2020,
Guam,2021,8223.0,149.0,49795.62176401127,902.2920640687922,East Asia & Pacific,High income,2021,
Guam,2022,34650.0,141.0,209828.32228176942,853.8468525751655,East Asia & Pacific,High income,2022,
Guatemala,2019,,,,,Latin America & Caribbean,Upper middle income,2019,6.17443275
Guatemala,2020,137166.0,4803.0,7685.304900966101,269.1083755401498,Latin America & Caribbean,Upper middle income,2020,6.45951891
Guatemala,2021,489509.0,11299.0,27426.81070212017,633.0742317776705,Latin America & Caribbean,Upper middle income,2021,6.97680426
Guatemala,2022,574976.0,3896.0,32215.460615151598,218.2898669798924,Latin America & Caribbean,Upper middle income,2022,7.44098806
Guernsey,2019,,,,,,,2019,
Guernsey,2020,298.0,16.0,4678.325850105183,251.18528054256015,,,2020,
Guernsey,2021,7504.0,8.0,117805.89657446073,125.59264027128015,,,2021,
Guernsey,2022,26315.0,37.0,413121.2910923419,580.8659612546705,,,2022,
Guinea,2019,,,,,Sub-Saharan Africa,Lower middle income,2019,4.08876228
Guinea,2020,13722.0,81.0,976.3021542040864,5.763042886644148,Sub-Saharan Africa,Lower middle income,2020,3.90094519
Guinea,2021,18726.0,310.0,1332.3301369789915,22.056090059996123,Sub-Saharan Africa,Lower middle income,2021,3.7175858
Guinea,2022,5776.0,76.0,410.9547618920569,5.407299498579693,Sub-Saharan Africa,Lower middle income,2022,3.95847702
Guinea-Bissau,2019,,,,,Sub-Saharan Africa,Low income,2019,7.17018223
Guinea-Bissau,2020,2452.0,45.0,1164.5806013738445,21.37280875278262,Sub-Saharan Africa,Low income,2020,9.0293932
Guinea-Bissau,2021,4032.0,104.0,1915.0036642493226,49.39493578420873,Sub-Saharan Africa,Low income,2021,8.16332626
Guinea-Bissau,2022,2463.0,27.0,1169.8050657356353,12.823685251669573,Sub-Saharan Africa,Low income,2022,8.11358356
Guyana,2019,,,,,Latin America & Caribbean,High income,2019,4.90331507
Guyana,2020,6301.0,164.0,7669.294098745357,199.6134315496332,Latin America & Caribbean,High income,2020,5.4180727
Guyana,2021,32937.0,887.0,40089.43655457481,1079.6165474666136,Latin America & Caribbean,High income,2021,4.92369986
Guyana,2022,32848.0,235.0,39981.109753307,286.0314415497792,Latin America & Caribbean,High income,2022,3.00636959
Haiti,2019,,,,,Latin America & Caribbean,Lower middle income,2019,3.91107917
Haiti,2020,9999.0,236.0,869.2097128600182,20.515400763572785,Latin America & Caribbean,Lower middle income,2020,3.22171092
Haiti,2021,16170.0,537.0,1405.652670961746,46.68122970355333,Latin America & Caribbean,Lower middle income,2021,3.44216156
Haiti,2022,7800.0,87.0,678.0513811689307,7.562880789961156,Latin America & Caribbean,Lower middle income,2022,3.20848918
High-income countries,2019,,,,,,,2019,
High-income countries,2020,44446408.0,956646.0,32251.31587531388,694.1639091927411,,,2020,
High-income countries,2021,101578785.0,1433566.0,73707.85691535735,1040.2278153525972,,,2021,
High-income countries,2022,281905637.0,822226.0,204557.0869510664,596.6257261305761,,,2022,
Honduras,2019,,,,,Latin America & Caribbean,Lower middle income,2019,7.28237152
Honduras,2020,120912.0,3111.0,11555.238017145928,297.3099896729934,Latin America & Caribbean,Lower middle income,2020,9.03509808
Honduras,2021,258630.0,7323.0,24716.58072295927,699.8396188927454,Latin America & Caribbean,Lower middle income,2021,9.16101742
Honduras,2022,86373.0,637.0,8254.437717140943,60.876394542493244,Latin America & Caribbean,Lower middle income,2022,8.28209972
Hungary,2019,,,,,Europe & Central Asia,High income,2019,6.28167295
Hungary,2020,322514.0,9537.0,33302.90939141549,984.7939837214184,Europe & Central Asia,High income,2020,7.28760386
Hungary,2021,933901.0,29649.0,96434.94664898986,3061.5661972691973,Europe & Central Asia,High income,2021,7.38329268
Hungary,2022,929401.0,9309.0,95970.27506182967,961.2506233053045,Europe & Central Asia,High income,2022,6.68981791
Iceland,2019,,,,,Europe & Central Asia,High income,2019,8.63996315
Iceland,2020,5743.0,28.0,15100.36232455656,73.62182571610373,Europe & Central Asia,High income,2020,9.67780685
Iceland,2021,18463.0,9.0,48545.706007015106,23.664158265890478,Europe & Central Asia,High income,2021,9.78697014
Iceland,2022,183007.0,149.0,481189.6235295355,391.7732868464091,Europe & Central Asia,High income,2022,9.28593922
India,2019,,,,,South Asia,Lower middle income,2019,2.95299792
India,2020,10266674.0,148738.0,7202.54469669739,104.34655791129398,South Asia,Lower middle income,2020,3.34146094
India,2021,24572130.0,332342.0,17238.48099375307,233.15322075969334,South Asia,Lower middle income,2021,3.34680939
India,2022,9839580.0,49622.0,6902.918583635725,34.812118602335886,South Asia,Lower middle income,2022,3.3058846
Indonesia,2019,,,,,East Asia & Pacific,Upper middle income,2019,2.87862897
Indonesia,2020,743198.0,22138.0,2665.411624530473,79.39591137739285,East Asia & Pacific,Upper middle income,2020,3.42067289
Indonesia,2021,3519522.0,121956.0,12622.44361743538,437.3840350501997,East Asia & Pacific,Upper middle income,2021,3.70634937
Indonesia,2022,2457095.0,16518.0,8812.146393795067,59.240295606277755,East Asia & Pacific,Upper middle income,2022,2.69394851
Iran,2019,,,,,,,2019,
Iran,2020,1218753.0,55095.0,13613.67215690704,615.4202430556425,,,2020,
Iran,2021,4973945.0,76477.0,55559.786565848044,854.260712009554,,,2021,
Iran,2022,1368360.0,13110.0,15284.807038526516,146.44086371647995,,,2022,
Iraq,2019,,,,,"Middle East, North Africa, Afghanistan & Pakistan",Upper middle income,2019,4.28182745
Iraq,2020,594442.0,12808.0,13488.430245077718,290.6251822363753,"Middle East, North Africa, Afghanistan & Pakistan",Upper middle income,2020,5.76473284
Iraq,2021,1498994.0,11346.0,34013.53875868466,257.45107102232316,"Middle East, North Africa, Afghanistan & Pakistan",Upper middle income,2021,5.25095701
Iraq,2022,371937.0,1220.0,8439.589194679167,27.68291086261536,"Middle East, North Africa, Afghanistan & Pakistan",Upper middle income,2022,4.29332495
Ireland,2019,,,,,Europe & Central Asia,High income,2019,6.71554708
Ireland,2020,89517.0,2264.0,17518.120472817234,443.0557854983771,Europe & Central Asia,High income,2020,7.06342745
Ireland,2021,662914.0,3820.0,129729.6302949961,747.5587900193465,Europe & Central Asia,High income,2021,6.59614468
Ireland,2022,939715.0,2407.0,183898.48386466762,471.04031611951996,Europe & Central Asia,High income,2022,6.11978531
Isle of Man,2019,,,,,Europe & Central Asia,High income,2019,
Isle of Man,2020,379.0,35.0,4506.91496319551,416.2058673135695,Europe & Central Asia,High income,2020,
Isle of Man,2021,14987.0,32.0,178219.35238367048,380.53107868669207,Europe & Central Asia,High income,2021,
Isle of Man,2022,22642.0,49.0,269249.52136325254,582.6882142389974,Europe & Central Asia,High income,2022,
Israel,2019,,,,,"Middle East, North Africa, Afghanistan & Pakistan",High income,2019,7.17438793
Israel,2020,419661.0,3336.0,46100.91909410141,366.4688071989589,"Middle East, North Africa, Afghanistan & Pakistan",High income,2020,7.70120192
Israel,2021,962275.0,4923.0,105708.56458254743,540.8051372423486,"Middle East, North Africa, Afghanistan & Pakistan",High income,2021,7.67129993
Israel,2022,3381658.0,3805.0,371484.4645128348,417.9897516163186,"Middle East, North Africa, Afghanistan & Pakistan",High income,2022,7.34161806
Italy,2019,,,,,Europe & Central Asia,High income,2019,8.65633965
Italy,2020,2083689.0,73604.0,34950.049026269415,1234.5716700186708,Europe & Central Asia,High income,2020,9.62485981
Italy,2021,3897739.0,63643.0,65377.39995824824,1067.4942230720922,Europe & Central Asia,High income,2021,9.34389782
Italy,2022,19187010.0,47545.0,321826.7890109904,797.4798930905617,Europe & Central Asia,High income,2022,9.02753067
Jamaica,2019,,,,,Latin America & Caribbean,Upper middle income,2019,6.09761
Jamaica,2020,12793.0,302.0,4506.008598505582,106.37181245592792,Latin America & Caribbean,Upper middle income,2020,6.62580395
Jamaica,2021,80798.0,2168.0,28459.03875103994,763.6228125975222,Latin America & Caribbean,Upper middle income,2021,7.18521214
Jamaica,2022,59200.0,993.0,20851.693037718323,349.75897274416025,Latin America & Caribbean,Upper middle income,2022,7.77706337
Japan,2019,,,,,East Asia & Pacific,High income,2019,10.96998405
Japan,2020,230304.0,3414.0,1842.468348215573,27.31253882176588,East Asia & Pacific,High income,2020,11.20903683
Japan,2021,1503484.0,14979.0,12028.109290540086,119.8343640923348,East Asia & Pacific,High income,2021,11.18996906
Japan,2022,27371282.0,39120.0,218974.57593043393,312.9661741966846,East Asia & Pacific,High income,2022,11.42183685
Jersey,2019,,,,,,,2019,
Jersey,2020,2727.0,42.0,26362.08963303817,406.0167820269905,,,2020,
Jersey,2021,16689.0,47.0,161333.6684582963,454.35211322067977,,,2021,
Jersey,2022,46368.0,57.0,448242.5273577975,551.0227756080585,,,2022,
Jordan,2019,,,,,"Middle East, North Africa, Afghanistan & Pakistan",Lower middle income,2019,7.07244635
Jordan,2020,293067.0,3815.0,26036.01654730298,338.92387449955424,"Middle East, North Africa, Afghanistan & Pakistan",Lower middle income,2020,7.11578226
Jordan,2021,768493.0,8805.0,68272.77197530432,782.2345255487747,"Middle East, North Africa, Afghanistan & Pakistan",Lower middle income,2021,7.20182657
Jordan,2022,685437.0,1502.0,60894.0927301051,133.43739436391365,"Middle East, North Africa, Afghanistan & Pakistan",Lower middle income,2022,6.82820034
Kazakhstan,2019,,,,,Europe & Central Asia,Upper middle income,2019,2.78745699
Kazakhstan,2020,200443.0,2749.0,10004.857104737315,137.21283447624953,Europe & Central Asia,Upper middle income,2020,3.75300956
Kazakhstan,2021,871594.0,15478.0,43504.50463895679,772.5646606123645,Europe & Central Asia,Upper middle income,2021,3.92458963
Kazakhstan,2022,421499.0,831.0,21038.585856276717,41.478306820575995,Europe & Central Asia,Upper middle income,2022,3.74026752
Kenya,2019,,,,,Sub-Saharan Africa,Lower middle income,2019,4.36874676
Kenya,2020,96251.0,1667.0,1774.1333637491898,30.72674899346396,Sub-Saharan Africa,Lower middle income,2020,4.49248838
Kenya,2021,195986.0,3709.0,3612.485079923832,68.36563408323805,Sub-Saharan Africa,Lower middle income,2021,4.56525421
Kenya,2022,50233.0,312.0,925.9128867358586,5.750897232130029,Sub-Saharan Africa,Lower middle income,2022,4.32603645
Kiribati,2019,,,,,East Asia & Pacific,Lower middle income,2019,10.16600227
Kiribati,2020,0.0,0.0,0.0,0.0,East Asia & Pacific,Lower middle income,2020,13.53000164
Kiribati,2021,0.0,0.0,0.0,0.0,East Asia & Pacific,Lower middle income,2021,11.65399933
Kiribati,2022,3430.0,13.0,26296.622838961932,99.6665005558324,East Asia & Pacific,Lower middle income,2022,10.49855042
Kosovo,2019,,,,,Europe & Central Asia,Upper middle income,2019,
Kosovo,2020,51101.0,1322.0,29746.2017579603,769.544210955236,Europe & Central Asia,Upper middle income,2020,
Kosovo,2021,110298.0,1658.0,64205.13417544679,965.1318470225275,Europe & Central Asia,Upper middle income,2021,
Kosovo,2022,110838.0,212.0,64519.47144769777,123.40648466150537,Europe & Central Asia,Upper middle income,2022,
Kuwait,2019,,,,,"Middle East, North Africa, Afghanistan & Pakistan",High income,2019,5.2627306
Kuwait,2020,150298.0,933.0,32748.465126778337,203.2915804820037,"Middle East, North Africa, Afghanistan & Pakistan",High income,2020,6.23488235
Kuwait,2021,266333.0,1535.0,58031.35745392657,334.4614962913994,"Middle East, North Africa, Afghanistan & Pakistan",High income,2021,5.50187826
Kuwait,2022,246287.0,102.0,53663.529991609044,22.224803010894334,"Middle East, North Africa, Afghanistan & Pakistan",High income,2022,4.26875782
Kyrgyzstan,2019,,,,,,,2019,
Kyrgyzstan,2020,0.0,0.0,0.0,0.0,,,2020,
Kyrgyzstan,2021,68891.0,860.0,9904.185690506813,123.63878727026548,,,2021,
Kyrgyzstan,2022,19564.0,164.0,2812.638644366827,23.57762920037618,,,2022,
Laos,2019,,,,,,,2019,
Laos,2020,41.0,0.0,5.424025868105418,0.0,,,2020,
Laos,2021,111019.0,372.0,14687.071411004767,49.213112754517454,,,2021,
Laos,2022,106716.0,299.0,14117.813281481409,39.55570084301269,,,2022,
Latvia,2019,,,,,Europe & Central Asia,High income,2019,6.63697243
Latvia,2020,36330.0,632.0,19314.03029001348,335.9886359286683,Europe & Central Asia,High income,2020,7.28520584
Latvia,2021,235099.0,4183.0,124985.11442752213,2223.798202673449,Europe & Central Asia,High income,2021,9.10995388
Latvia,2022,699090.0,2196.0,371655.53084077965,1167.4541843344236,Europe & Central Asia,High income,2022,7.62168407
Lebanon,2019,,,,,"Middle East, North Africa, Afghanistan & Pakistan",Lower middle income,2019,8.6936779
Lebanon,2020,177996.0,1443.0,30985.78260269363,251.19937692805965,"Middle East, North Africa, Afghanistan & Pakistan",Lower middle income,2020,7.57650805
Lebanon,2021,545644.0,7659.0,94986.43993384214,1333.2890006181628,"Middle East, North Africa, Afghanistan & Pakistan",Lower middle income,2021,4.85634661
Lebanon,2022,499021.0,1645.0,86870.24551213943,286.36380807114233,"Middle East, North Africa, Afghanistan & Pakistan",Lower middle income,2022,5.73500204
Lesotho,2019,,,,,Sub-Saharan Africa,Lower middle income,2019,21.96986771
Lesotho,2020,2577.0,64.0,1127.2635491435728,27.995679916642864,Sub-Saharan Africa,Lower middle income,2020,10.45941448
Lesotho,2021,27075.0,607.0,11843.484902236023,265.5215267094096,Sub-Saharan Africa,Lower middle income,2021,10.81370068
Lesotho,2022,4838.0,35.0,2116.298428698723,15.310137454414075,Sub-Saharan Africa,Lower middle income,2022,12.65127754
Liberia,2019,,,,,Sub-Saharan Africa,Low income,2019,8.38325977
Liberia,2020,1854.0,89.0,345.0425720001861,16.563532312846043,Sub-Saharan Africa,Low income,2020,12.90504265
Liberia,2021,4730.0,198.0,880.2866049411437,36.84920671846648,Sub-Saharan Africa,Low income,2021,13.8384428
Liberia,2022,1469.0,7.0,273.3913367142793,1.3027497324710353,Sub-Saharan Africa,Low income,2022,13.47386169
Libya,2019,,,,,"Middle East, North Africa, Afghanistan & Pakistan",Upper middle income,2019,5.54773426
Libya,2020,99935.0,1459.0,13834.213969268349,201.97246391316872,"Middle East, North Africa, Afghanistan & Pakistan",Upper middle income,2020,7.10674047
Libya,2021,288248.0,4237.0,39902.78189036536,586.5368948595585,"Middle East, North Africa, Afghanistan & Pakistan",Upper middle income,2021,6.21384287
Libya,2022,118959.0,741.0,16467.74663101208,102.57820134315148,"Middle East, North Africa, Afghanistan & Pakistan",Upper middle income,2022,4.65005827
Liechtenstein,2019,,,,,Europe & Central Asia,High income,2019,
Liechtenstein,2020,2223.0,44.0,56583.60271845648,1119.9633466541095,Europe & Central Asia,High income,2020,
Liechtenstein,2021,4067.0,25.0,103520.24842823326,636.3428105989258,Europe & Central Asia,High income,2021,
Liechtenstein,2022,15013.0,18.0,382136.5846208669,458.1668236312264,Europe & Central Asia,High income,2022,
Lithuania,2019,,,,,Europe & Central Asia,High income,2019,6.98445415
Lithuania,2020,145051.0,1800.0,51493.64259362868,639.0066712296476,Europe & Central Asia,High income,2020,7.47439718
Lithuania,2021,379375.0,5597.0,134679.5310543042,1986.9557438179654,Europe & Central Asia,High income,2021,7.75970221
Lithuania,2022,763996.0,2085.0,271221.41155153664,740.1827275076753,Europe & Central Asia,High income,2022,7.24335003
Low-income countries,2019,,,,,,,2019,
Low-income countries,2020,368391.0,9801.0,513.8920666936601,13.672039071705234,,,2020,
Low-income countries,2021,1155488.0,28184.0,1611.863797866191,39.31565648372006,,,2021,
Low-income countries,2022,371775.0,5280.0,518.612623801981,7.365408254117305,,,2022,
Lower-middle-income countries,2019,,,,,,,2019,
Lower-middle-income countries,2020,14220991.0,226719.0,4718.534998652099,75.22552657261404,,,2020,
Lower-middle-income countries,2021,37671156.0,599377.0,12499.316540294767,198.87371786446522,,,2021,
Lower-middle-income countries,2022,25593312.0,99293.0,8491.879251131144,32.94548851209896,,,2022,
Luxembourg,2019,,,,,Europe & Central Asia,High income,2019,5.46495819
Luxembourg,2020,38383.0,285.0,58755.45527326498,436.2687844327051,Europe & Central Asia,High income,2020,5.76488066
Luxembourg,2021,57505.0,350.0,88026.79455720249,535.7686826366555,Europe & Central Asia,High income,2021,5.66065645
Luxembourg,2022,268979.0,320.0,411744.3556769283,489.8456526963706,Europe & Central Asia,High income,2022,5.55154753
Madagascar,2019,,,,,Sub-Saharan Africa,Low income,2019,3.10129309
Madagascar,2020,17714.0,261.0,581.9848963847417,8.575028675421564,Sub-Saharan Africa,Low income,2020,3.72316122
Madagascar,2021,32565.0,766.0,1069.9073134678283,25.166559254302364,Sub-Saharan Africa,Low income,2021,3.5045228
Madagascar,2022,17471.0,391.0,574.0012489972801,12.846115755133454,Sub-Saharan Africa,Low income,2022,3.25023246
Malawi,2019,,,,,Sub-Saharan Africa,Low income,2019,6.37021732
Malawi,2020,6471.0,189.0,314.6044887754846,9.188726375918186,Sub-Saharan Africa,Low income,2020,7.17979383
Malawi,2021,67730.0,2166.0,3292.8700393700456,105.30572132401477,Sub-Saharan Africa,Low income,2021,7.62815809
Malawi,2022,14010.0,330.0,681.1325742148879,16.04380795795238,Sub-Saharan Africa,Low income,2022,6.50023508
Malaysia,2019,,,,,East Asia & Pacific,Upper middle income,2019,3.83991051
Malaysia,2020,110485.0,463.0,3184.4237766657843,13.344691212347904,East Asia & Pacific,Upper middle income,2020,4.08254337
Malaysia,2021,2647601.0,31024.0,76309.75766415447,894.1807779090309,East Asia & Pacific,Upper middle income,2021,4.37382412
Malaysia,2022,2268078.0,5370.0,65371.059515161134,154.77536028144368,East Asia & Pacific,Upper middle income,2022,3.90591931
Maldives,2019,,,,,South Asia,Upper middle income,2019,7.65845585
Maldives,2020,13757.0,48.0,26250.46034190285,91.59134232836642,South Asia,Upper middle income,2020,11.3365984
Maldives,2021,81943.0,214.0,156359.7784252777,408.3447345473003,South Asia,Upper middle income,2021,10.09611702
Maldives,2022,89993.0,49.0,171720.4097949308,93.49949529354069,South Asia,Upper middle income,2022,9.65276241
Mali,2019,,,,,Sub-Saharan Africa,Low income,2019,3.82943797
Mali,2020,7029.0,269.0,304.64722899745794,11.658856821783496,Sub-Saharan Africa,Low income,2020,3.47597885
Mali,2021,13641.0,389.0,591.2210628473927,16.85983384265345,Sub-Saharan Africa,Low income,2021,3.46649742
Mali,2022,12100.0,85.0,524.4318496043878,3.6840253897828923,Sub-Saharan Africa,Low income,2022,3.67284775
Malta,2019,,,,,"Middle East, North Africa, Afghanistan & Pakistan",High income,2019,9.07641315
Malta,2020,12616.0,227.0,23887.24372713709,429.8037671258815,"Middle East, North Africa, Afghanistan & Pakistan",High income,2020,10.60137844
Malta,2021,34820.0,266.0,65928.48974151186,503.64670509023966,"Middle East, North Africa, Afghanistan & Pakistan",High income,2021,10.36362457
Malta,2022,68801.0,341.0,130268.40961245712,645.6523550216987,"Middle East, North Africa, Afghanistan & Pakistan",High income,2022,9.52376747
Marshall Islands,2019,,,,,East Asia & Pacific,Upper middle income,2019,15.0545578
Marshall Islands,2020,4.0,0.0,99.8552099455789,0.0,East Asia & Pacific,Upper middle income,2020,12.17444134
Marshall Islands,2021,0.0,0.0,0.0,0.0,East Asia & Pacific,Upper middle income,2021,12.54099083
Marshall Islands,2022,15540.0,17.0,387937.490638574,424.3846422687103,East Asia & Pacific,Upper middle income,2022,11.73604298
Martinique,2019,,,,,,,2019,
Martinique,2020,6072.0,42.0,17378.014750706196,120.2036593428294,,,2020,
Martinique,2021,43297.0,741.0,123915.66282301156,2120.7359898342047,,,2021,
Martinique,2022,178435.0,301.0,510679.5227342325,861.459558623611,,,2022,
Mauritania,2019,,,,,Sub-Saharan Africa,Lower middle income,2019,3.09176588
Mauritania,2020,14191.0,340.0,2910.622099069036,69.7351500023587,Sub-Saharan Africa,Lower middle income,2020,3.00147843
Mauritania,2021,26963.0,523.0,5530.202498569404,107.26906897421645,Sub-Saharan Africa,Lower middle income,2021,3.78022528
Mauritania,2022,22275.0,134.0,4568.677842066292,27.483853236223723,Sub-Saharan Africa,Lower middle income,2022,4.48389912
Mauritius,2019,,,,,Sub-Saharan Africa,Upper middle income,2019,5.69508171
Mauritius,2020,527.0,10.0,412.9851301843543,7.836529984522853,Sub-Saharan Africa,Upper middle income,2020,6.09606028
Mauritius,2021,90567.0,776.0,70973.10111082812,608.1147267989734,Sub-Saharan Africa,Upper middle income,2021,6.6160841
Mauritius,2022,201095.0,254.0,157588.69972376234,199.04786160688047,Sub-Saharan Africa,Upper middle income,2022,5.82381678
Mayotte,2019,,,,,,,2019,
Mayotte,2020,5890.0,55.0,19296.35465979118,180.18667339363583,,,2020,
Mayotte,2021,16021.0,130.0,52486.7398988989,425.89577347586646,,,2021,
Mayotte,2022,20082.0,2.0,65791.06863801809,6.552242668859435,,,2022,
Mexico,2019,,,,,Latin America & Caribbean,Upper middle income,2019,5.29685831
Mexico,2020,1496067.0,147623.0,11632.309581982909,1147.807175361172,Latin America & Caribbean,Upper middle income,2020,6.0537405
Mexico,2021,2538755.0,156199.0,19739.47965753339,1214.4878032843103,Latin America & Caribbean,Upper middle income,2021,5.89244318
Mexico,2022,3236805.0,27677.0,25166.99975102063,215.19586509196506,Latin America & Caribbean,Upper middle income,2022,5.72145176
Micronesia (country),2019,,,,,,,2019,
Micronesia (country),2020,0.0,0.0,0.0,0.0,,,2020,
Micronesia (country),2021,0.0,0.0,0.0,0.0,,,2021,
Micronesia (country),2022,22234.0,58.0,198374.38995012536,517.4828918371535,,,2022,
Moldova,2019,,,,,Europe & Central Asia,Upper middle income,2019,6.49662447
Moldova,2020,143841.0,3110.0,47316.95891966502,1023.0444882902524,Europe & Central Asia,Upper middle income,2020,7.00484037
Moldova,2021,231939.0,7159.0,76297.07896127102,2354.976042337594,Europe & Central Asia,Upper middle income,2021,7.7490406
Moldova,2022,220678.0,1664.0,72592.73684466763,547.3781442170352,Europe & Central Asia,Upper middle income,2022,6.96505404
Monaco,2019,,,,,Europe & Central Asia,High income,2019,3.87726593
Monaco,2020,726.0,3.0,18659.881255301105,77.10694733595497,Europe & Central Asia,High income,2020,4.27929592
Monaco,2021,4320.0,35.0,111034.00416377516,899.581052252808,Europe & Central Asia,High income,2021,3.67252064
Monaco,2022,11428.0,27.0,293726.06471843115,693.9625260235948,Europe & Central Asia,High income,2022,3.39779735
Mongolia,2019,,,,,East Asia & Pacific,Upper middle income,2019,4.49497986
Mongolia,2020,1215.0,1.0,358.8335517344951,0.2953362565716009,East Asia & Pacific,Upper middle income,2020,4.6662488
Mongolia,2021,691904.0,1985.0,204344.33726691696,586.2424692946278,East Asia & Pacific,Upper middle income,2021,7.21042728
Mongolia,2022,314303.0,150.0,92825.07144922385,44.30043848574019,East Asia & Pacific,Upper middle income,2022,8.85170174
Montenegro,2019,,,,,Europe & Central Asia,Upper middle income,2019,8.32983208
Montenegro,2020,35210.0,543.0,57289.01420917243,883.4971518199553,Europe & Central Asia,Upper middle income,2020,11.42177582
Montenegro,2021,122800.0,1733.0,199803.77577070077,2819.7063795653453,Europe & Central Asia,Upper middle income,2021,10.55253506
Montenegro,2022,85963.0,340.0,139867.5242392244,553.2026364986837,Europe & Central Asia,Upper middle income,2022,10.92241859
Montserrat,2019,,,,,,,2019,
Montserrat,2020,13.0,1.0,2935.862691960253,225.83559168925024,,,2020,
Montserrat,2021,32.0,0.0,7226.738934056007,0.0,,,2021,
Montserrat,2022,1358.0,7.0,306684.7335140018,1580.8491418247518,,,2022,
Morocco,2019,,,,,"Middle East, North Africa, Afghanistan & Pakistan",Lower middle income,2019,4.9953146
Morocco,2020,437332.0,7355.0,11715.606081403925,197.03173499475423,"Middle East, North Africa, Afghanistan & Pakistan",Lower middle income,2020,5.59079361
Morocco,2021,523726.0,7489.0,14029.998972381052,200.6214362169564,"Middle East, North Africa, Afghanistan & Pakistan",Lower middle income,2021,5.522717
Morocco,2022,310490.0,1450.0,8317.659197623554,38.84378188203857,"Middle East, North Africa, Afghanistan & Pakistan",Lower middle income,2022,5.68049145
Mozambique,2019,,,,,Sub-Saharan Africa,Low income,2019,7.90207434
Mozambique,2020,18485.0,165.0,566.048886903218,5.052640862268378,Sub-Saharan Africa,Low income,2020,7.54172373
Mozambique,2021,165734.0,1831.0,5075.117458589015,56.069002538263035,Sub-Saharan Africa,Low income,2021,8.86981869
Mozambique,2022,46820.0,236.0,1433.7251222509421,7.226807536335372,Sub-Saharan Africa,Low income,2022,8.77717781
Myanmar,2019,,,,,East Asia & Pacific,Lower middle income,2019,4.07903337
Myanmar,2020,124630.0,2682.0,2318.4070000972342,49.89141919490317,East Asia & Pacific,Lower middle income,2020,4.38807583
Myanmar,2021,406204.0,16586.0,7556.336332082942,308.5380606885399,East Asia & Pacific,Lower middle income,2021,5.83599281
Myanmar,2022,102849.0,222.0,1913.2298929070075,4.1297147879450335,East Asia & Pacific,Lower middle income,2022,5.20476246
Namibia,2019,,,,,Sub-Saharan Africa,Lower middle income,2019,8.39904404
Namibia,2020,23932.0,208.0,8282.040651627582,71.98163360933215,Sub-Saharan Africa,Lower middle income,2020,8.88723373
Namibia,2021,124907.0,3437.0,43226.00917904254,1189.4272822849737,Sub-Saharan Africa,Lower middle income,2021,9.33766365
Namibia,2022,21513.0,437.0,7444.908095372906,151.23064368883752,Sub-Saharan Africa,Lower middle income,2022,9.29635525
Nauru,2019,,,,,East Asia & Pacific,High income,2019,11.56155682
Nauru,2020,0.0,0.0,0.0,0.0,East Asia & Pacific,High income,2020,11.55650234
Nauru,2021,0.0,0.0,0.0,0.0,East Asia & Pacific,High income,2021,12.00061035
Nauru,2022,4621.0,1.0,392175.1676143597,84.86803021301876,East Asia & Pacific,High income,2022,18.17031097
Nepal,2019,,,,,South Asia,Lower middle income,2019,4.44524717
Nepal,2020,260593.0,2758.0,8769.632886777868,92.8138802720463,South Asia,Lower middle income,2020,5.2080965
Nepal,2021,567838.0,8836.0,19109.22702897688,297.35440394626585,South Asia,Lower middle income,2021,5.32333136
Nepal,2022,172569.0,425.0,5807.396122069167,14.302356459615567,South Asia,Lower middle income,2022,6.65589333
Netherlands,2019,,,,,Europe & Central Asia,High income,2019,10.14039612
Netherlands,2020,773198.0,11539.0,43184.88333041877,644.4796400788701,Europe & Central Asia,High income,2020,11.22355747
Netherlands,2021,2312304.0,9421.0,129147.48675560548,526.1844777869,Europe & Central Asia,High income,2021,11.12490749
Netherlands,2022,5480565.0,2016.0,306102.1369814414,112.59822813060055,Europe & Central Asia,High income,2022,10.10068321
New Caledonia,2019,,,,,East Asia & Pacific,High income,2019,
New Caledonia,2020,38.0,0.0,132.3603685191313,0.0,East Asia & Pacific,High income,2020,
New Caledonia,2021,12890.0,281.0,44898.030268726376,978.77009352305,East Asia & Pacific,High income,2021,
New Caledonia,2022,66649.0,33.0,232149.63687977853,114.94453055608756,East Asia & Pacific,High income,2022,
New Zealand,2019,,,,,East Asia & Pacific,High income,2019,9.50996971
New Zealand,2020,1807.0,25.0,352.1263991519346,4.871698936800424,East Asia & Pacific,High income,2020,10.05994129
New Zealand,2021,11939.0,26.0,2326.5285442584104,5.066566894272439,East Asia & Pacific,High income,2021,10.0194025
New Zealand,2022,2043704.0,2280.0,398252.4241573909,444.2989430361987,East Asia & Pacific,High income,2022,10.02858067
Nicaragua,2019,,,,,Latin America & Caribbean,Lower middle income,2019,8.50037098
Nicaragua,2020,4829.0,165.0,717.4675490423019,24.514836527641297,Latin America & Caribbean,Lower middle income,2020,8.58996105
Nicaragua,2021,8734.0,52.0,1297.6520135298124,7.725887875377861,Latin America & Caribbean,Lower middle income,2021,9.59249973
Nicaragua,2022,1802.0,28.0,267.73172983521,4.160093471357314,Latin America & Caribbean,Lower middle income,2022,8.95364857
Niger,2019,,,,,Sub-Saharan Africa,Low income,2019,5.66642094
Niger,2020,3208.0,101.0,126.73869649250658,3.9902145716157,Sub-Saharan Africa,Low income,2020,6.17007589
Niger,2021,4157.0,173.0,164.23091063570757,6.834723969203129,Sub-Saharan Africa,Low income,2021,5.81452751
Niger,2022,2129.0,40.0,84.11056260366155,1.5802829986596834,Sub-Saharan Africa,Low income,2022,4.35259724
Nigeria,2019,,,,,Sub-Saharan Africa,Lower middle income,2019,2.98547053
Nigeria,2020,86576.0,1278.0,387.9707364414219,5.727067561127069,Sub-Saharan Africa,Lower middle income,2020,3.38063431
Nigeria,2021,154937.0,1752.0,694.315075679456,7.851191210559175,Sub-Saharan Africa,Lower middle income,2021,4.07625723
Nigeria,2022,24937.0,125.0,111.7495178183301,0.5601591902510847,Sub-Saharan Africa,Lower middle income,2022,4.27090406
Niue,2019,,,,,,,2019,
Niue,2020,0.0,0.0,0.0,0.0,,,2020,
Niue,2021,0.0,0.0,0.0,0.0,,,2021,
Niue,2022,458.0,0.0,252759.38189845477,0.0,,,2022,
North America,2019,,,,,,,2019,16.24169603
North America,2020,22699704.0,536063.0,37560.26012166198,887.0012455492146,,,2020,18.39669783
North America,2021,41404347.0,688828.0,68510.05825836121,1139.77516442876,,,2021,17.10612213
North America,2022,55401658.0,324548.0,91670.82908443893,537.0161347463015,,,2022,16.08739351
North Korea,2019,,,,,,,2019,
North Korea,2020,0.0,0.0,0.0,0.0,,,2020,
North Korea,2021,0.0,0.0,0.0,0.0,,,2021,
North Korea,2022,0.0,0.0,0.0,0.0,,,2022,
North Macedonia,2019,,,,,Europe & Central Asia,Upper middle income,2019,7.06654119
North Macedonia,2020,81796.0,2896.0,44449.61297600908,1573.7454053807312,Europe & Central Asia,Upper middle income,2020,7.73212385
North Macedonia,2021,141513.0,5456.0,76901.04749711443,2964.9015648333116,Europe & Central Asia,Upper middle income,2021,8.5240345
North Macedonia,2022,122279.0,1524.0,66448.90000847736,828.1726511741135,Europe & Central Asia,Upper middle income,2022,7.6204114
Northern Mariana Islands,2019,,,,,East Asia & Pacific,High income,2019,
Northern Mariana Islands,2020,122.0,2.0,2649.2942453854507,43.43105320304017,East Asia & Pacific,High income,2020,
Northern Mariana Islands,2021,3133.0,11.0,68034.74484256243,238.87079261672096,East Asia & Pacific,High income,2021,
Northern Mariana Islands,2022,9981.0,28.0,216742.671009772,608.0347448425625,East Asia & Pacific,High income,2022,
Norway,2019,,,,,Europe & Central Asia,High income,2019,10.43807507
Norway,2020,49785.0,436.0,9123.55754420257,79.90099606854113,Europe & Central Asia,High income,2020,11.42416382
Norway,2021,345124.0,958.0,63247.13616320914,175.56228035243672,Europe & Central Asia,High income,2021,9.8142643
Norway,2022,1080762.0,3442.0,198059.5420023593,630.7780469447673,Europe & Central Asia,High income,2022,7.94803333
Oceania,2019,,,,,,,2019,
Oceania,2020,55184.0,1193.0,1224.9857581864703,26.48245885612604,,,2020,
Oceania,2021,493724.0,3796.0,10959.786685902744,84.26438710633232,,,2021,
Oceania,2022,12770121.0,19565.0,283473.7669490789,434.3078855994182,,,2022,
Oman,2019,,,,,"Middle East, North Africa, Afghanistan & Pakistan",High income,2019,3.80648994
Oman,2020,128719.0,1497.0,27212.289429216107,316.47850958705794,"Middle East, North Africa, Afghanistan & Pakistan",High income,2020,5.11922884
Oman,2021,176770.0,2986.0,37370.67878403756,631.2657512538109,"Middle East, North Africa, Afghanistan & Pakistan",High income,2021,4.37028217
Oman,2022,93819.0,145.0,19834.133126885892,30.654231055526793,"Middle East, North Africa, Afghanistan & Pakistan",High income,2022,2.9162159
Pakistan,2019,,,,,"Middle East, North Africa, Afghanistan & Pakistan",Lower middle income,2019,2.84736943
Pakistan,2020,477240.0,10047.0,1958.3044467971308,41.226814133288855,"Middle East, North Africa, Afghanistan & Pakistan",Lower middle income,2020,2.95273018
Pakistan,2021,817621.0,18874.0,3355.0222950605917,77.44748581185367,"Middle East, North Africa, Afghanistan & Pakistan",Lower middle income,2021,2.99015832
Pakistan,2022,280790.0,1714.0,1152.1924097229203,7.033219809341816,"Middle East, North Africa, Afghanistan & Pakistan",Lower middle income,2022,2.90434051
Palau,2019,,,,,East Asia & Pacific,High income,2019,12.14718533
Palau,2020,0.0,0.0,0.0,0.0,East Asia & Pacific,High income,2020,13.33730412
Palau,2021,12.0,0.0,676.5136994024128,0.0,East Asia & Pacific,High income,2021,14.62713623
Palau,2022,5959.0,9.0,335945.4278949149,507.3852745518097,East Asia & Pacific,High income,2022,14.28555965
Palestine,2019,,,,,,,2019,
Palestine,2020,154097.0,1500.0,29046.24304695555,282.739862362235,,,2020,
Palestine,2021,316206.0,3431.0,59602.69394540858,646.720311843219,,,2021,
Palestine,2022,232925.0,777.0,43904.78829381573,146.4592487036375,,,2022,
Panama,2019,,,,,Latin America & Caribbean,High income,2019,8.13541794
Panama,2020,238279.0,3933.0,54145.51953489376,893.718407122479,Latin America & Caribbean,High income,2020,10.21630001
Panama,2021,252764.0,3492.0,57437.03011896932,793.5074186808281,Latin America & Caribbean,High income,2021,9.13571072
Panama,2022,532735.0,1142.0,121056.46468812453,259.50328526159933,Latin America & Caribbean,High income,2022,8.46561432
Papua New Guinea,2019,,,,,East Asia & Pacific,Lower middle income,2019,2.3253386
Papua New Guinea,2020,780.0,9.0,76.44712945929338,0.8820822629918467,East Asia & Pacific,Lower middle income,2020,2.30193973
Papua New Guinea,2021,35410.0,581.0,3470.503659171254,56.94331053314033,East Asia & Pacific,Lower middle income,2021,2.33994722
Papua New Guinea,2022,10524.0,79.0,1031.448192858466,7.742722086261757,East Asia & Pacific,Lower middle income,2022,2.61825109
Paraguay,2019,,,,,Latin America & Caribbean,Upper middle income,2019,7.16081905
Paraguay,2020,106136.0,2220.0,15699.665064147845,328.3829844954418,Latin America & Caribbean,Upper middle income,2020,7.67533064
Paraguay,2021,359965.0,14404.0,53246.117573829586,2130.64347237493,Latin America & Caribbean,Upper middle income,2021,8.03277016
Paraguay,2022,259264.0,3064.0,38350.39914064245,453.22768670902406,Latin America & Caribbean,Upper middle income,2022,7.73804235
Peru,2019,,,,,Latin America & Caribbean,Upper middle income,2019,5.1381588
Peru,2020,1010496.0,93066.0,30186.243436631838,2780.132659281757,Latin America & Caribbean,Upper middle income,2020,6.36273861
Peru,2021,1276998.0,109518.0,38147.37762058631,3271.598312801877,Latin America & Caribbean,Upper middle income,2021,6.67921352
Peru,2022,2166742.0,15594.0,64726.43283731409,465.8348772789186,Latin America & Caribbean,Upper middle income,2022,6.0930872
Philippines,2019,,,,,East Asia & Pacific,Lower middle income,2019,4.16646004
Philippines,2020,472523.0,9230.0,4146.237350785607,80.99028142069518,East Asia & Pacific,Lower middle income,2020,5.16214037
Philippines,2021,2371346.0,42274.0,20807.798470838552,370.94075371381024,East Asia & Pacific,Lower middle income,2021,5.97500563
Philippines,2022,1218790.0,13893.0,10694.49025923392,121.90660669314394,East Asia & Pacific,Lower middle income,2022,5.15676308
Pitcairn,2019,,,,,,,2019,
Pitcairn,2020,0.0,0.0,0.0,0.0,,,2020,
Pitcairn,2021,0.0,0.0,0.0,0.0,,,2021,
Pitcairn,2022,4.0,0.0,88888.88888888889,0.0,,,2022,
Poland,2019,,,,,Europe & Central Asia,High income,2019,6.46008492
Poland,2020,1297400.0,28642.0,33799.05464247366,746.1634985892789,Europe & Central Asia,High income,2020,6.49677992
Poland,2021,2811801.0,68416.0,73251.28383132577,1782.3309098346522,Europe & Central Asia,High income,2021,6.43857718
Poland,2022,2259187.0,21475.0,58854.92898147536,559.4532900008649,Europe & Central Asia,High income,2022,6.39626455
Portugal,2019,,,,,Europe & Central Asia,High income,2019,9.51379871
Portugal,2020,377474.0,6695.0,36236.24007994601,642.697582708315,Europe & Central Asia,High income,2020,10.54770088
Portugal,2021,905174.0,12193.0,86893.67314868057,1170.4871734073918,Europe & Central Asia,High income,2021,11.1236763
Portugal,2022,4267920.0,6885.0,409706.0294536926,660.9369465193051,Europe & Central Asia,High income,2022,10.46883011
Puerto Rico,2019,,,,,,,2019,
Puerto Rico,2020,84661.0,1676.0,26122.49658507777,517.1366305216137,,,2020,
Puerto Rico,2021,232900.0,1643.0,71862.24418167294,506.95434603043634,,,2021,
Puerto Rico,2022,823067.0,2255.0,253960.67725151137,695.789440230453,,,2022,
Qatar,2019,,,,,"Middle East, North Africa, Afghanistan & Pakistan",High income,2019,3.18468714
Qatar,2020,143621.0,245.0,49654.2859108587,84.70418704897182,"Middle East, North Africa, Afghanistan & Pakistan",High income,2020,3.81872201
Qatar,2021,106166.0,372.0,36704.917233637316,128.61207176415311,"Middle East, North Africa, Afghanistan & Pakistan",High income,2021,2.8927927
Qatar,2022,239545.0,68.0,82818.22239447327,23.50973354828608,"Middle East, North Africa, Afghanistan & Pakistan",High income,2022,2.18112326
Reunion,2019,,,,,,,2019,
Reunion,2020,8972.0,42.0,10295.059243636731,48.19354527783579,,,2020,
Reunion,2021,67630.0,367.0,77603.0825509532,421.1197884991842,,,2021,
Reunion,2022,411906.0,498.0,472647.8681241007,571.4377511514815,,,2022,
Romania,2019,,,,,Europe & Central Asia,High income,2019,5.7142148
Romania,2020,627941.0,15596.0,32762.037710561523,813.7018288882514,Europe & Central Asia,High income,2020,6.22618055
Romania,2021,1179282.0,43118.0,61527.56605379553,2249.6278185434485,Europe & Central Asia,High income,2021,6.46980715
Romania,2022,1501257.0,8660.0,78326.2097032117,451.8246882644439,Europe & Central Asia,High income,2022,5.7490139
Russia,2019,,,,,,,2019,
Russia,2020,3159297.0,57019.0,21701.472778755506,391.6682339051568,,,2020,
Russia,2021,7340685.0,251841.0,50423.7732966919,1729.9166890844913,,,2021,
Russia,2022,11298527.0,84852.0,77610.51782422927,582.855416322986,,,2022,
Rwanda,2019,,,,,Sub-Saharan Africa,Low income,2019,6.26708555
Rwanda,2020,8250.0,86.0,604.3525691796892,6.299917690842821,Sub-Saharan Africa,Low income,2020,7.48696899
Rwanda,2021,102308.0,1263.0,7494.557896683107,92.52088422714515,Sub-Saharan Africa,Low income,2021,7.30378389
Rwanda,2022,22421.0,118.0,1642.44714588822,8.64407311069131,Sub-Saharan Africa,Low income,2022,7.8792119
Saint Barthelemy,2019,,,,,,,2019,
Saint Barthelemy,2020,189.0,0.0,17344.223180691934,0.0,,,2020,
Saint Barthelemy,2021,1537.0,4.0,141047.9948609709,367.0735064696705,,,2021,
Saint Barthelemy,2022,3682.0,1.0,337891.1627053317,91.76837661741763,,,2022,
Saint Helena,2019,,,,,,,2019,
Saint Helena,2020,0.0,0.0,0.0,0.0,,,2020,
Saint Helena,2021,0.0,0.0,0.0,0.0,,,2021,
Saint Helena,2022,2166.0,0.0,406378.9868667918,0.0,,,2022,
Saint Kitts and Nevis,2019,,,,,,,2019,
Saint Kitts and Nevis,2020,32.0,0.0,685.2982117999786,0.0,,,2020,
Saint Kitts and Nevis,2021,2886.0,28.0,61805.332476710566,599.6359353249812,,,2021,
Saint Kitts and Nevis,2022,3644.0,18.0,78038.33386872258,385.48024413748794,,,2022,
Saint Lucia,2019,,,,,,,2019,
Saint Lucia,2020,340.0,5.0,1902.129825955121,27.972497440516484,,,2020,
Saint Lucia,2021,13133.0,290.0,73472.56177726059,1622.4048515499564,,,2021,
Saint Lucia,2022,16275.0,114.0,91050.47916888118,637.7729416437755,,,2022,
Saint Martin (French part),2019,,,,,,,2019,
Saint Martin (French part),2020,986.0,12.0,34180.33071029916,415.9877976912677,,,2020,
Saint Martin (French part),2021,3132.0,27.0,108572.81519742086,935.9725448053522,,,2021,
Saint Martin (French part),2022,8088.0,7.0,280375.77564391436,242.65954865323965,,,2022,
Saint Pierre and Miquelon,2019,,,,,,,2019,
Saint Pierre and Miquelon,2020,16.0,0.0,2795.2480782669463,0.0,,,2020,
Saint Pierre and Miquelon,2021,82.0,0.0,14325.6464011181,0.0,,,2021,
Saint Pierre and Miquelon,2022,3269.0,2.0,571104.1229909156,349.4060097833683,,,2022,
Saint Vincent and the Grenadines,2019,,,,,,,2019,
Saint Vincent and the Grenadines,2020,115.0,0.0,1127.3183547033682,0.0,,,2020,
Saint Vincent and the Grenadines,2021,5837.0,83.0,57218.75857742226,813.6297690467787,,,2021,
Saint Vincent and the Grenadines,2022,3586.0,36.0,35152.72713014155,352.8996588636634,,,2022,
Samoa,2019,,,,,East Asia & Pacific,Upper middle income,2019,5.64748573
Samoa,2020,1.0,0.0,4.646321971527339,0.0,East Asia & Pacific,Upper middle income,2020,6.18667269
Samoa,2021,1.0,0.0,4.646321971527339,0.0,East Asia & Pacific,Upper middle income,2021,6.81255674
Samoa,2022,16277.0,29.0,75628.18273055048,134.74333717429283,East Asia & Pacific,Upper middle income,2022,6.3012085
San Marino,2019,,,,,Europe & Central Asia,High income,2019,8.14801598
San Marino,2020,2401.0,59.0,70480.83132742324,1731.9321317442611,Europe & Central Asia,High income,2020,8.48147392
San Marino,2021,5850.0,40.0,171725.47407972754,1174.1912757588213,Europe & Central Asia,High income,2021,7.51272249
San Marino,2022,14918.0,22.0,437914.63629425236,645.8052016673514,Europe & Central Asia,High income,2022,7.40650225
Sao Tome and Principe,2019,,,,,,,2019,
Sao Tome and Principe,2020,1014.0,17.0,4481.470841712152,75.13314034428657,,,2020,
Sao Tome and Principe,2021,2863.0,40.0,12653.304753276028,176.78385963361546,,,2021,
Sao Tome and Principe,2022,2402.0,20.0,10615.870770998608,88.3919298168077,,,2022,
Saudi Arabia,2019,,,,,"Middle East, North Africa, Afghanistan & Pakistan",High income,2019,5.46743679
Saudi Arabia,2020,362601.0,6214.0,11269.544922050614,193.12950638752375,"Middle East, North Africa, Afghanistan & Pakistan",High income,2020,6.64630127
Saudi Arabia,2021,192816.0,2661.0,5992.67121075262,82.70318900823963,"Middle East, North Africa, Afghanistan & Pakistan",High income,2021,5.93034029
Saudi Arabia,2022,271567.0,640.0,8440.23184118775,19.89103380882125,"Middle East, North Africa, Afghanistan & Pakistan",High income,2022,4.62462378
Senegal,2019,,,,,Sub-Saharan Africa,Lower middle income,2019,4.49531031
Senegal,2020,18945.0,402.0,1073.3074969041495,22.77485424943088,Sub-Saharan Africa,Lower middle income,2020,5.15119171
Senegal,2021,55925.0,1488.0,3168.367472386623,84.30095304266953,Sub-Saharan Africa,Lower middle income,2021,4.44256258
Senegal,2022,14030.0,78.0,794.8537440783957,4.419001570785099,Sub-Saharan Africa,Lower middle income,2022,4.06358385
Serbia,2019,,,,,Europe & Central Asia,Upper middle income,2019,8.66552734
Serbia,2020,334991.0,3163.0,49327.42095178858,465.751714137118,Europe & Central Asia,Upper middle income,2020,8.70042229
Serbia,2021,962156.0,9525.0,141677.46009083555,1402.556142003177,Europe & Central Asia,Upper middle income,2021,10.00950623
Serbia,2022,1148332.0,4827.0,169091.8739799257,710.7756952702716,Europe & Central Asia,Upper middle income,2022,9.65742779
Seychelles,2019,,,,,Sub-Saharan Africa,High income,2019,4.35729456
Seychelles,2020,226.0,0.0,1801.0838380618425,0.0,Sub-Saharan Africa,High income,2020,6.03121805
Seychelles,2021,24562.0,126.0,195744.34172776536,1004.1440867070448,Sub-Saharan Africa,High income,2021,5.20266438
Seychelles,2022,25567.0,46.0,203753.58622888112,366.59228562320686,Sub-Saharan Africa,High income,2022,4.2375164
Sierra Leone,2019,,,,,Sub-Saharan Africa,Low income,2019,9.12992668
Sierra Leone,2020,2583.0,76.0,312.07867717303355,9.18233815917559,Sub-Saharan Africa,Low income,2020,9.32588673
Sierra Leone,2021,4400.0,47.0,531.6090513206921,5.678551230016485,Sub-Saharan Africa,Low income,2021,8.55334377
Sierra Leone,2022,777.0,2.0,93.87732565367685,0.241640477873041,Sub-Saharan Africa,Low income,2022,7.94752312
Singapore,2019,,,,,East Asia & Pacific,High income,2019,4.35299158
Singapore,2020,58569.0,29.0,10366.50109835105,5.132895078491701,East Asia & Pacific,High income,2020,5.61608791
Singapore,2021,220836.0,799.0,39087.17301909631,141.42010923154717,East Asia & Pacific,High income,2021,5.16690779
Singapore,2022,1921974.0,883.0,340182.44433065545,156.28780532097142,East Asia & Pacific,High income,2022,4.89702511
Sint Maarten (Dutch part),2019,,,,,Latin America & Caribbean,High income,2019,
Sint Maarten (Dutch part),2020,1423.0,27.0,33794.05338652988,641.2083214591052,Latin America & Caribbean,High income,2020,
Sint Maarten (Dutch part),2021,3631.0,48.0,86230.64500807448,1139.9259048161866,Latin America & Caribbean,High income,2021,
Sint Maarten (Dutch part),2022,5938.0,14.0,141018.3338083024,332.4783889047212,Latin America & Caribbean,High income,2022,
Slovakia,2019,,,,,,,2019,
Slovakia,2020,179543.0,2138.0,32804.35654454614,390.63463511381485,,,2020,
Slovakia,2021,662190.0,14497.0,120988.93780449816,2648.7513120883877,,,2021,
Slovakia,2022,1017453.0,4188.0,185899.14939216847,765.1907632631692,,,2022,
Slovenia,2019,,,,,Europe & Central Asia,High income,2019,8.49057198
Slovenia,2020,115411.0,2881.0,54563.10183889439,1362.0564452076037,Europe & Central Asia,High income,2020,9.42807865
Slovenia,2021,341431.0,3208.0,161419.05385063426,1516.652924757373,Europe & Central Asia,High income,2021,9.48055363
Slovenia,2022,843961.0,2712.0,399001.2216431289,1282.1579588347877,Europe & Central Asia,High income,2022,9.60507679
Solomon Islands,2019,,,,,East Asia & Pacific,Lower middle income,2019,4.43728065
Solomon Islands,2020,17.0,0.0,21.766240816566928,0.0,East Asia & Pacific,Lower middle income,2020,4.89478445
Solomon Islands,2021,7.0,0.0,8.962569747998149,0.0,East Asia & Pacific,Lower middle income,2021,4.94758463
Solomon Islands,2022,21587.0,153.0,27639.284735719426,195.89616734910237,East Asia & Pacific,Lower middle income,2022,4.82369328
Somalia,2019,,,,,Sub-Saharan Africa,Low income,2019,2.19059515
Somalia,2020,4714.0,130.0,264.8039686666238,7.302612627632817,Sub-Saharan Africa,Low income,2020,2.24750042
Somalia,2021,18818.0,1203.0,1057.0812648214949,67.5772537772483,Sub-Saharan Africa,Low income,2021,2.56882048
Somalia,2022,3778.0,28.0,212.2251577476677,1.5728704121055301,Sub-Saharan Africa,Low income,2022,2.62183189
South Africa,2019,,,,,Sub-Saharan Africa,Upper middle income,2019,8.24652576
South Africa,2020,1039161.0,28033.0,16658.993868981233,449.40252292873856,Sub-Saharan Africa,Upper middle income,2020,9.01329231
South Africa,2021,2407371.0,63028.0,38593.036814664156,1010.4142337656524,Sub-Saharan Africa,Upper middle income,2021,8.67432785
South Africa,2022,602048.0,11507.0,9651.549606685025,184.47097461352655,Sub-Saharan Africa,Upper middle income,2022,8.77086639
South America,2019,,,,,,,2019,
South America,2020,13099969.0,420059.0,30430.217014976708,975.7646395265592,,,2020,
South America,2021,26773087.0,772491.0,62191.814924970575,1794.4369770734857,,,2021,
South America,2022,26894317.0,149226.0,62473.422859212675,346.6404816894542,,,2022,
South Korea,2019,,,,,,,2019,
South Korea,2020,60722.0,900.0,1172.636154321946,17.380398189943534,,,2020,
South Korea,2021,574528.0,4725.0,11095.028234746529,91.24709049720354,,,2021,
South Korea,2022,28424023.0,26647.0,548912.0421112371,514.5949672971393,,,2022,
South Sudan,2019,,,,,Sub-Saharan Africa,Low income,2019,9.03741074
South Sudan,2020,3540.0,64.0,321.2010961123507,5.807025466437978,Sub-Saharan Africa,Low income,2020,9.31798267
South Sudan,2021,12086.0,72.0,1096.620465427647,6.5329036497427255,Sub-Saharan Africa,Low income,2021,6.25598812
South Sudan,2022,2742.0,2.0,248.79474732770223,0.18146954582618768,Sub-Saharan Africa,Low income,2022,6.76125622
Spain,2019,,,,,Europe & Central Asia,High income,2019,9.1348772
Spain,2020,1919549.0,53964.0,40134.13470202258,1128.285052926467,Europe & Central Asia,High income,2020,10.73210335
Spain,2021,4180589.0,37311.0,87408.19956135211,780.1023573074531,Europe & Central Asia,High income,2021,10.30862141
Spain,2022,7654824.0,27668.0,160047.8745456747,578.4854874429161,Europe & Central Asia,High income,2022,9.73828793
Sri Lanka,2019,,,,,South Asia,Lower middle income,2019,3.89904952
Sri Lanka,2020,43299.0,204.0,1896.1753872239408,8.933688514600428,South Asia,Lower middle income,2020,4.06134748
Sri Lanka,2021,543946.0,14775.0,23820.80457236688,647.0355284471633,South Asia,Lower middle income,2021,4.02830219
Sri Lanka,2022,84639.0,1838.0,3706.561089153267,80.49078181291952,South Asia,Lower middle income,2022,4.36269855
Sudan,2019,,,,,Sub-Saharan Africa,Low income,2019,4.57118368
Sudan,2020,25500.0,1561.0,516.3689357632184,31.60987877358368,Sub-Saharan Africa,Low income,2020,3.00965381
Sudan,2021,21411.0,1776.0,433.5676581814224,35.96357764374415,Sub-Saharan Africa,Low income,2021,2.83127832
Sudan,2022,16791.0,1658.0,340.01375687843904,33.57410570570261,Sub-Saharan Africa,Low income,2022,4.61874437
Suriname,2019,,,,,Latin America & Caribbean,Upper middle income,2019,8.52921391
Suriname,2020,6098.0,120.0,9786.111360747713,192.5768060494794,Latin America & Caribbean,Upper middle income,2020,6.67584229
Suriname,2021,45933.0,1069.0,73713.58693558947,1715.5383805574456,Latin America & Caribbean,Upper middle income,2021,5.46009398
Suriname,2022,29550.0,204.0,47422.0384896843,327.38057028411504,Latin America & Caribbean,Upper middle income,2022,5.91760969
Sweden,2019,,,,,Europe & Central Asia,High income,2019,10.83224297
Sweden,2020,447759.0,9706.0,42695.400117227626,925.5013378576674,Europe & Central Asia,High income,2020,11.33296967
Sweden,2021,878413.0,5639.0,83759.77814666877,537.6985415391911,Europe & Central Asia,High income,2021,11.10180569
Sweden,2022,1354059.0,6961.0,129114.30208512419,663.755904886382,Europe & Central Asia,High income,2022,10.49857044
Switzerland,2019,,,,,Europe & Central Asia,High income,2019,11.42588997
Switzerland,2020,451142.0,7528.0,51312.03731337851,856.2204735872817,Europe & Central Asia,High income,2020,12.00404072
Switzerland,2021,883690.0,4393.0,100509.22825509365,499.6515064384869,Europe & Central Asia,High income,2021,12.00465584
Switzerland,2022,3045631.0,1961.0,346404.3062157421,223.0404288927548,Europe & Central Asia,High income,2022,11.70653343
Syria,2019,,,,,,,2019,
Syria,2020,11344.0,704.0,505.02806547450245,31.34165709573781,,,2020,
Syria,2021,38899.0,2189.0,1731.760112737365,97.45296503205975,,,2021,
Syria,2022,7180.0,270.0,319.649286857099,12.020237806604001,,,2022,
Tajikistan,2019,,,,,Europe & Central Asia,Lower middle income,2019,6.9476676
Tajikistan,2020,13665.0,90.0,1342.0498645428263,8.838967274705773,Europe & Central Asia,Lower middle income,2020,8.8903532
Tajikistan,2021,3828.0,35.0,375.9507414174857,3.4373761623855774,Europe & Central Asia,Lower middle income,2021,8.37504482
Tajikistan,2022,293.0,0.0,28.775749016542022,0.0,Europe & Central Asia,Lower middle income,2022,7.62917423
Tanzania,2019,,,,,Sub-Saharan Africa,Lower middle income,2019,4.02387333
Tanzania,2020,509.0,21.0,7.865647083064958,0.3245158914427585,Sub-Saharan Africa,Lower middle income,2020,3.05195832
Tanzania,2021,28797.0,716.0,445.00400599414854,11.064446584429293,Sub-Saharan Africa,Lower middle income,2021,3.47258258
Tanzania,2022,13090.0,108.0,202.28157233265273,1.668938870277044,Sub-Saharan Africa,Lower middle income,2022,3.1119566
Thailand,2019,,,,,East Asia & Pacific,Upper middle income,2019,3.78911877
Thailand,2020,6884.0,61.0,95.96394788934586,0.8503487538132042,East Asia & Pacific,Upper middle income,2020,4.35724688
Thailand,2021,2216551.0,21637.0,30899.039026449376,301.6228850205951,East Asia & Pacific,Upper middle income,2021,5.15337038
Thailand,2022,2500484.0,11971.0,34857.10579229272,166.877457899965,East Asia & Pacific,Upper middle income,2022,5.35470581
Togo,2019,,,,,Sub-Saharan Africa,Low income,2019,5.91268635
Togo,2020,3611.0,68.0,397.26314189049066,7.4810007334681154,Sub-Saharan Africa,Low income,2020,6.18928432
Togo,2021,26552.0,180.0,2921.110756985962,19.802649000356777,Sub-Saharan Africa,Low income,2021,5.6165967
Togo,2022,9180.0,42.0,1009.9350990181956,4.620618100083249,Sub-Saharan Africa,Low income,2022,6.04134083
Tokelau,2019,,,,,,,2019,
Tokelau,2020,0.0,0.0,0.0,0.0,,,2020,
Tokelau,2021,0.0,0.0,0.0,0.0,,,2021,
Tokelau,2022,5.0,0.0,2192.982456140351,0.0,,,2022,
Tonga,2019,,,,,East Asia & Pacific,Upper middle income,2019,5.42394543
Tonga,2020,0.0,0.0,0.0,0.0,East Asia & Pacific,Upper middle income,2020,5.56259537
Tonga,2021,1.0,0.0,9.522721212813774,0.0,East Asia & Pacific,Upper middle income,2021,7.63286686
Tonga,2022,16411.0,12.0,156277.37782348684,114.27265455376528,East Asia & Pacific,Upper middle income,2022,8.13607597
Trinidad and Tobago,2019,,,,,Latin America & Caribbean,High income,2019,6.85251093
Trinidad and Tobago,2020,7132.0,126.0,4767.800367412098,84.23203116852557,Latin America & Caribbean,High income,2020,7.48661852
Trinidad and Tobago,2021,83697.0,2699.0,55952.12946596892,1804.3035882845277,Latin America & Caribbean,High income,2021,7.12624598
Trinidad and Tobago,2022,95204.0,1458.0,63644.653137843714,974.6849320929391,Latin America & Caribbean,High income,2022,6.43106365
Tunisia,2019,,,,,"Middle East, North Africa, Afghanistan & Pakistan",Lower middle income,2019,6.02461243
Tunisia,2020,137216.0,4620.0,11322.121009789029,381.2106391763738,"Middle East, North Africa, Afghanistan & Pakistan",Lower middle income,2020,7.05022287
Tunisia,2021,588626.0,20944.0,48569.370929833814,1728.154897599561,"Middle East, North Africa, Afghanistan & Pakistan",Lower middle income,2021,6.97669458
Tunisia,2022,421729.0,3720.0,34798.177846149956,306.9488263498074,"Middle East, North Africa, Afghanistan & Pakistan",Lower middle income,2022,6.96380186
Turkey,2019,,,,,,,2019,
Turkey,2020,2194272.0,20642.0,25204.5922128544,237.10515034496208,,,2020,
Turkey,2021,7247492.0,61462.0,83248.60383121352,705.9856966622447,,,2021,
Turkey,2022,7562913.0,19315.0,86871.69963718964,221.86251230079165,,,2022,
Turkmenistan,2019,,,,,Europe & Central Asia,Upper middle income,2019,5.5522337
Turkmenistan,2020,0.0,0.0,0.0,0.0,Europe & Central Asia,Upper middle income,2020,5.57226086
Turkmenistan,2021,0.0,0.0,0.0,0.0,Europe & Central Asia,Upper middle income,2021,5.49196625
Turkmenistan,2022,0.0,0.0,0.0,0.0,Europe & Central Asia,Upper middle income,2022,5.37103748
Turks and Caicos Islands,2019,,,,,Latin America & Caribbean,High income,2019,
Turks and Caicos Islands,2020,865.0,6.0,18876.57122905028,130.9357541899441,Latin America & Caribbean,High income,2020,
Turks and Caicos Islands,2021,2418.0,20.0,52767.10893854749,436.4525139664805,Latin America & Caribbean,High income,2021,
Turks and Caicos Islands,2022,3196.0,10.0,69745.11173184359,218.2262569832402,Latin America & Caribbean,High income,2022,
Tuvalu,2019,,,,,East Asia & Pacific,Upper middle income,2019,22.02993393
Tuvalu,2020,0.0,0.0,0.0,0.0,East Asia & Pacific,Upper middle income,2020,18.59855461
Tuvalu,2021,0.0,0.0,0.0,0.0,East Asia & Pacific,Upper middle income,2021,19.54603577
Tuvalu,2022,2779.0,0.0,278792.1348314607,0.0,East Asia & Pacific,Upper middle income,2022,18.38210106
Uganda,2019,,,,,Sub-Saharan Africa,Low income,2019,3.79371166
Uganda,2020,35220.0,304.0,744.4095571450055,6.425340868031847,Sub-Saharan Africa,Low income,2020,5.23698568
Uganda,2021,107451.0,2993.0,2271.0832289831906,63.260017164537224,Sub-Saharan Africa,Low income,2021,5.48128128
Uganda,2022,27219.0,333.0,575.3005035755223,7.038284569258579,Sub-Saharan Africa,Low income,2022,4.39089251
Ukraine,2019,,,,,Europe & Central Asia,Upper middle income,2019,7.09175062
Ukraine,2020,988108.0,15278.0,24071.592785713616,372.1919006628148,Europe & Central Asia,Upper middle income,2020,7.56217051
Ukraine,2021,2617976.0,77255.0,63777.29174824149,1882.0320255076424,Europe & Central Asia,Upper middle income,2021,8.2027483
Ukraine,2022,1709592.0,15716.0,41647.87903115217,382.86214889493385,Europe & Central Asia,Upper middle income,2022,
United Arab Emirates,2019,,,,,"Middle East, North Africa, Afghanistan & Pakistan",High income,2019,4.40291262
United Arab Emirates,2020,206092.0,665.0,20122.176915462,64.92851565699897,"Middle East, North Africa, Afghanistan & Pakistan",High income,2020,5.82477045
United Arab Emirates,2021,553419.0,1497.0,54034.09655094844,146.16238787748486,"Middle East, North Africa, Afghanistan & Pakistan",High income,2021,5.30494308
United Arab Emirates,2022,287407.0,186.0,28061.51864576104,18.16045701082976,"Middle East, North Africa, Afghanistan & Pakistan",High income,2022,4.67550945
United Kingdom,2019,,,,,Europe & Central Asia,High income,2019,9.95388126
United Kingdom,2020,2563561.0,93317.0,37600.301569683936,1368.7005464579138,Europe & Central Asia,High income,2020,11.96547699
United Kingdom,2021,10878146.0,83496.0,159552.11134786767,1224.6538232803232,Europe & Central Asia,High income,2021,12.01903439
United Kingdom,2022,10752848.0,39346.0,157714.33858331156,577.0962600697958,Europe & Central Asia,High income,2022,11.05087757
United States,2019,,,,,North America,High income,2019,16.66125298
United States,2020,19577585.0,352004.0,57322.507361756165,1030.6558179350322,North America,High income,2020,18.8132534
United States,2021,33956701.0,467051.0,99424.07314556176,1367.50954654599,North America,High income,2021,17.5063858
United States,2022,45877410.0,263401.0,134327.50630189097,771.2292277925976,North America,High income,2022,16.49613953
United States Virgin Islands,2019,,,,,,,2019,
United States Virgin Islands,2020,2010.0,23.0,23240.487009608383,265.935921005469,,,2020,
United States Virgin Islands,2021,7045.0,66.0,81457.32884710998,763.1204689722156,,,2021,
United States Virgin Islands,2022,14714.0,38.0,170129.61485541175,439.372391226427,,,2022,
Upper-middle-income countries,2019,,,,,,,2019,
Upper-middle-income countries,2020,23249624.0,743134.0,8164.273310803224,260.95686891755514,,,2020,
Upper-middle-income countries,2021,62470736.0,1473783.0,21937.049933841263,517.5295399536571,,,2021,
Upper-middle-income countries,2022,135298077.0,318141.0,47510.89647962047,111.71750886690677,,,2022,
Uruguay,2019,,,,,Latin America & Caribbean,High income,2019,9.24069118
Uruguay,2020,17962.0,168.0,5297.176559477632,49.54490936378144,Latin America & Caribbean,High income,2020,9.06924915
Uruguay,2021,392349.0,6000.0,115707.71216648976,1769.4610487064792,Latin America & Caribbean,High income,2021,8.91666222
Uruguay,2022,601677.0,1394.0,177440.66923376144,411.10478364947244,Latin America & Caribbean,High income,2022,8.94532204
Uzbekistan,2019,,,,,Europe & Central Asia,Lower middle income,2019,5.39747763
Uzbekistan,2020,9.0,0.0,0.2575924590208321,0.0,Europe & Central Asia,Lower middle income,2020,6.71439123
Uzbekistan,2021,116776.0,860.0,3342.290777179632,24.61439052865729,Europe & Central Asia,Lower middle income,2021,7.69774151
Uzbekistan,2022,50507.0,156.0,1445.580258640574,4.464935956361092,Europe & Central Asia,Lower middle income,2022,7.36325455
Vanuatu,2019,,,,,East Asia & Pacific,Lower middle income,2019,3.49615431
Vanuatu,2020,1.0,0.0,3.1947452829585896,0.0,East Asia & Pacific,Lower middle income,2020,4.12128973
Vanuatu,2021,6.0,0.0,19.16847169775154,0.0,East Asia & Pacific,Lower middle income,2021,4.54704428
Vanuatu,2022,12007.0,14.0,38359.306612483786,44.726433961420256,East Asia & Pacific,Lower middle income,2022,4.14742947
Vatican,2019,,,,,,,2019,
Vatican,2020,26.0,0.0,51896.207584830336,0.0,,,2020,
Vatican,2021,0.0,0.0,0.0,0.0,,,2021,
Vatican,2022,0.0,0.0,0.0,0.0,,,2022,
Venezuela,2019,,,,,,,2019,
Venezuela,2020,112861.0,1021.0,4000.324531693075,36.18904091633629,,,2020,
Venezuela,2021,331325.0,4300.0,11743.715946723922,152.4122193342273,,,2021,
Venezuela,2022,106202.0,510.0,3764.2982599380466,18.076798107082766,,,2022,
Vietnam,2019,,,,,,,2019,
Vietnam,2020,1456.0,35.0,14.606652772556378,0.3511214608787591,,,2020,
Vietnam,2021,1729801.0,32359.0,17353.435832843956,324.6268386450219,,,2021,
Vietnam,2022,9793887.0,10792.0,98252.68317489963,108.26579445153055,,,2022,
Wallis and Futuna,2019,,,,,,,2019,
Wallis and Futuna,2020,4.0,0.0,349.31447035193435,0.0,,,2020,
Wallis and Futuna,2021,449.0,7.0,39210.54929700463,611.3003231158851,,,2021,
Wallis and Futuna,2022,2974.0,0.0,259715.30870666314,0.0,,,2022,
World,2019,,,,,,,2019,9.78008781
World,2020,82312579.0,1936601.0,10342.78741259313,243.33890019428583,,,2020,10.85762851
World,2021,203065327.0,3536784.0,25515.680999737695,444.4060127949677,,,2021,10.33915556
World,2022,444009737.0,1246037.0,55790.966273968734,156.56775617764697,,,2022,9.885794338
World excl. China,2019,,,,,,,2019,
World excl. China,2020,82215906.0,1931813.0,12584.184095467788,295.6884088830441,,,2020,
World excl. China,2021,203029929.0,3535873.0,31076.29810009944,541.2100764320954,,,2021,
World excl. China,2022,359216766.0,1199192.0,54982.668603354854,183.55150028769629,,,2022,
World excl. China and South Korea,2019,,,,,,,2019,
World excl. China and South Korea,2020,82155184.0,1930913.0,12675.354205330244,297.911890924337,,,2020,
World excl. China and South Korea,2021,202455401.0,3531148.0,31235.93416158828,544.8049590083504,,,2021,
World excl. China and South Korea,2022,330792743.0,1172545.0,51036.52602223832,180.90669965134464,,,2022,
"World excl. China, South Korea, Japan and Singapore",2019,,,,,,,2019,
"World excl. China, South Korea, Japan and Singapore",2020,81866311.0,1927470.0,12890.621483980456,303.4982997063079,,,2020,
"World excl. China, South Korea, Japan and Singapore",2021,200731081.0,3515370.0,31606.998698661544,553.5281056714572,,,2021,
"World excl. China, South Korea, Japan and Singapore",2022,301499487.0,1132542.0,47473.933014170965,178.3294014153173,,,2022,
Yemen,2019,,,,,,,2019,
Yemen,2020,2101.0,611.0,54.96714490001303,15.985209678204647,,,2020,
Yemen,2021,8025.0,1373.0,209.95304037249147,35.920937623854314,,,2021,
Yemen,2022,1819.0,175.0,47.58935581776473,4.57841521061507,,,2022,
Zambia,2019,,,,,Sub-Saharan Africa,Lower middle income,2019,6.75330257
Zambia,2020,20462.0,386.0,1015.3382467725472,19.15358045421773,Sub-Saharan Africa,Lower middle income,2020,6.3067441
Zambia,2021,228731.0,3344.0,11349.786556667555,165.93153637021788,Sub-Saharan Africa,Lower middle income,2021,6.63951397
Zambia,2022,85003.0,293.0,4217.906215932304,14.538857702294791,Sub-Saharan Africa,Lower middle income,2022,5.25592279
Zimbabwe,2019,,,,,Sub-Saharan Africa,Lower middle income,2019,3.23267817
Zimbabwe,2020,13625.0,360.0,847.9053781160135,22.403371458478155,Sub-Saharan Africa,Lower middle income,2020,2.95440149
Zimbabwe,2021,198103.0,4637.0,12328.264155663603,288.5678707026756,Sub-Saharan Africa,Lower middle income,2021,2.78571677
Zimbabwe,2022,48372.0,640.0,3010.2663449708507,39.82821592618336,Sub-Saharan Africa,Lower middle income,2022,3.62880659
